Symbol,Company,Type,Market Cap / AUM (₹ Cr),Size Basis,CMP (Close),Volume,Last Trading Day,RSI Date,RSI Value,Tracking Start Date,SMA 50,Days Tracked,Status
RELIANCE,Reliance Industries Limited,EQUITY,1583705.27,Market cap,1170.3,12081697,09-Oct-2026,29-Sep-2026,29.39,30-Sep-2026,1271.084,7,ACTIVE
ICICIBANK,ICICI Bank Limited,EQUITY,972674.55,Market cap,1355.0,5507142,09-Oct-2026,25-Sep-2026,29.0,28-Sep-2026,1391.308,9,ACTIVE
SBIN,State Bank of India,EQUITY,885308.53,Market cap,959.1,6048888,09-Oct-2026,15-Sep-2026,28.82,16-Sep-2026,1017.497,17,ACTIVE
TCS,Tata Consultancy Services Limited,EQUITY,780059.67,Market cap,2156.0,11691502,09-Oct-2026,29-Sep-2026,28.16,30-Sep-2026,2249.602,7,ACTIVE
HINDUNILVR,Hindustan Unilever Limited,EQUITY,436248.61,Market cap,1856.7,1300871,09-Oct-2026,01-Oct-2026,29.28,05-Oct-2026,1980.79,5,ACTIVE
TITAN,Titan Company Limited,EQUITY,391304.74,Market cap,4410.0,591654,09-Oct-2026,30-Sep-2026,29.49,01-Oct-2026,4920.562,6,ACTIVE
MARUTI,Maruti Suzuki India Limited,EQUITY,359047.74,Market cap,11420.0,353159,09-Oct-2026,02-Sep-2026,28.94,03-Sep-2026,12899.48,25,ACTIVE
M&M,Mahindra & Mahindra Limited,EQUITY,335757.14,Market cap,2796.2,1241560,09-Oct-2026,11-Sep-2026,29.79,15-Sep-2026,3197.92,18,ACTIVE
ITC,ITC Limited,EQUITY,333311.75,Market cap,266.0,31026863,09-Oct-2026,19-Aug-2026,28.63,20-Aug-2026,269.042,35,ACTIVE
ULTRACEMCO,UltraTech Cement Limited,EQUITY,314026.09,Market cap,10675.0,157334,09-Oct-2026,09-Sep-2026,29.33,10-Sep-2026,11315.24,20,ACTIVE
NTPC,NTPC Limited,EQUITY,302535.98,Market cap,312.0,7374202,09-Oct-2026,01-Oct-2026,29.8,05-Oct-2026,331.991,5,ACTIVE
BAJAJFINSV,Bajaj Finserv Limited,EQUITY,277594.45,Market cap,1734.7,772298,09-Oct-2026,15-Sep-2026,29.73,16-Sep-2026,1924.896,17,ACTIVE
BEL,Bharat Electronics Limited,EQUITY,269109.51,Market cap,368.15,17192801,09-Oct-2026,08-Oct-2026,28.78,09-Oct-2026,399.073,1,ACTIVE
BAJAJ-AUTO,Bajaj Auto Limited,EQUITY,268703.19,Market cap,9778.0,249475,09-Oct-2026,01-Oct-2026,21.81,05-Oct-2026,11435.87,5,ACTIVE
NESTLEIND,Nestle India Limited,EQUITY,257044.3,Market cap,1333.0,1657268,09-Oct-2026,15-Sep-2026,29.21,16-Sep-2026,1422.44,17,ACTIVE
POWERGRID,Power Grid Corporation of India Limited,EQUITY,231724.54,Market cap,249.15,11515317,09-Oct-2026,11-Aug-2026,29.79,12-Aug-2026,266.481,41,ACTIVE
ASIANPAINT,Asian Paints Limited,EQUITY,224236.5,Market cap,2339.1001,248476,09-Oct-2026,07-Sep-2026,29.18,08-Sep-2026,2554.424,22,ACTIVE
SHRIRAMFIN,Shriram Finance Limited,EQUITY,221296.05,Market cap,940.45,4965459,09-Oct-2026,15-Sep-2026,29.26,16-Sep-2026,1049.697,17,ACTIVE
SETFNIF50,SBI-ETFNifty50 [Nifty 50],ETF,206968.27,AUM (AMFI avg Apr-Jun 2026),243.23,529474,09-Oct-2026,09-Sep-2026,27.39,10-Sep-2026,255.595,20,ACTIVE
HINDALCO,Hindalco Industries Limited,EQUITY,199863.03,Market cap,900.35,3499202,09-Oct-2026,07-Oct-2026,29.14,08-Oct-2026,1001.229,2,ACTIVE
GRASIM,Grasim Industries Limited,EQUITY,196025.63,Market cap,2890.0,222643,09-Oct-2026,01-Oct-2026,28.23,05-Oct-2026,3209.458,5,ACTIVE
EICHERMOT,Eicher Motors Limited,EQUITY,193537.8,Market cap,7050.0,551213,09-Oct-2026,24-Sep-2026,29.98,25-Sep-2026,7672.78,10,ACTIVE
INDIGO,InterGlobe Aviation Limited,EQUITY,186875.97,Market cap,4833.0,1418172,09-Oct-2026,15-Sep-2026,29.23,16-Sep-2026,5080.58,17,ACTIVE
TVSMOTOR,TVS Motor Company Limited,EQUITY,183760.49,Market cap,3866.8,1088204,09-Oct-2026,08-Oct-2026,27.66,09-Oct-2026,4218.514,1,ACTIVE
SBILIFE,SBI Life Insurance Company Limited,EQUITY,169034.32,Market cap,1684.6,1204478,09-Oct-2026,02-Sep-2026,29.05,03-Sep-2026,1761.816,25,ACTIVE
WIPRO,Wipro Limited,EQUITY,160837.61,Market cap,162.57,23912282,09-Oct-2026,29-Sep-2026,25.18,30-Sep-2026,173.5912,7,ACTIVE
HYUNDAI,Hyundai Motor India Limited,EQUITY,157632.97,Market cap,1940.0,392686,09-Oct-2026,08-Oct-2026,29.42,09-Oct-2026,2155.586,1,ACTIVE
ADANIENSOL,Adani Energy Solutions Limited,EQUITY,154336.85,Market cap,1262.0,993681,09-Oct-2026,01-Sep-2026,28.14,02-Sep-2026,1462.064,26,ACTIVE
PIDILITIND,Pidilite Industries Limited,EQUITY,150947.65,Market cap,1482.0,312857,09-Oct-2026,29-Sep-2026,28.51,30-Sep-2026,1597.346,7,ACTIVE
ABB,ABB India Limited,EQUITY,143673.88,Market cap,6780.0,336748,09-Oct-2026,29-Sep-2026,26.61,30-Sep-2026,7332.06,7,ACTIVE
JIOFIN,Jio Financial Services Limited,EQUITY,141716.63,Market cap,214.62,13544977,09-Oct-2026,15-Sep-2026,29.47,16-Sep-2026,236.7882,17,ACTIVE
CHOLAFIN,Cholamandalam Investment and Finance Company Limited,EQUITY,136138.42,Market cap,1587.6,1660199,09-Oct-2026,25-Sep-2026,29.87,28-Sep-2026,1799.056,9,ACTIVE
TATACAP,Tata Capital Limited,EQUITY,134386.0,Market cap,318.7,996781,09-Oct-2026,01-Oct-2026,29.96,05-Oct-2026,355.108,5,ACTIVE
CUMMINSIND,Cummins India Limited,EQUITY,133887.6,Market cap,4830.0,429821,09-Oct-2026,15-Sep-2026,29.63,16-Sep-2026,5128.778,17,ACTIVE
UNIONBANK,Union Bank of India,EQUITY,132107.18,Market cap,173.06,6981345,09-Oct-2026,29-Sep-2026,29.75,30-Sep-2026,180.0582,7,ACTIVE
POLYCAB,Polycab India Limited,EQUITY,124349.24,Market cap,8255.0,335745,09-Oct-2026,16-Sep-2026,29.63,17-Sep-2026,8690.25,16,ACTIVE
LTM,LTM Limited,EQUITY,120659.72,Market cap,4070.0,368536,09-Oct-2026,29-Sep-2026,28.71,30-Sep-2026,4390.624,7,ACTIVE
BRITANNIA,Britannia Industries Limited,EQUITY,116218.95,Market cap,4825.0,106343,09-Oct-2026,07-Sep-2026,29.23,08-Sep-2026,5175.108,22,ACTIVE
APOLLOHOSP,Apollo Hospitals Enterprise Limited,EQUITY,115423.13,Market cap,8027.5,1449468,09-Oct-2026,05-Oct-2026,26.96,06-Oct-2026,8702.99,4,ACTIVE
INDIANB,Indian Bank,EQUITY,111771.07,Market cap,829.8,1471747,09-Oct-2026,28-Sep-2026,25.6,29-Sep-2026,855.676,8,ACTIVE
TATAPOWER,Tata Power Company Limited,EQUITY,109328.54,Market cap,342.15,4376530,09-Oct-2026,08-Oct-2026,26.79,09-Oct-2026,366.886,1,ACTIVE
CANBK,Canara Bank,EQUITY,108475.92,Market cap,119.59,9652824,09-Oct-2026,06-Oct-2026,29.27,07-Oct-2026,125.609,3,ACTIVE
PFC,Power Finance Corporation Limited,EQUITY,108177.34,Market cap,327.8,4802038,09-Oct-2026,10-Aug-2026,28.11,11-Aug-2026,358.659,42,ACTIVE
MUTHOOTFIN,Muthoot Finance Limited,EQUITY,105373.43,Market cap,2624.7,701710,09-Oct-2026,08-Oct-2026,26.84,09-Oct-2026,2871.204,1,ACTIVE
CIPLA,Cipla Limited,EQUITY,105103.97,Market cap,1301.0,653431,09-Oct-2026,08-Oct-2026,27.74,09-Oct-2026,1402.762,1,ACTIVE
JINDALSTEL,JINDAL STEEL LIMITED,EQUITY,103448.01,Market cap,1016.7,1388092,09-Oct-2026,08-Oct-2026,27.24,09-Oct-2026,1124.032,1,ACTIVE
TMPV,Tata Motors Passenger Vehicles Limited,EQUITY,103086.95,Market cap,279.9,6472726,09-Oct-2026,09-Sep-2026,29.53,10-Sep-2026,312.238,20,ACTIVE
GMRAIRPORT,GMR AIRPORTS LIMITED,EQUITY,98411.47,Market cap,92.31,65551830,09-Oct-2026,24-Aug-2026,28.83,25-Aug-2026,98.4928,32,ACTIVE
HEROMOTOCO,Hero MotoCorp Limited,EQUITY,97979.13,Market cap,4895.5,305843,09-Oct-2026,08-Oct-2026,29.05,09-Oct-2026,5431.78,1,ACTIVE
IRFC,Indian Railway Finance Corporation Limited,EQUITY,97621.74,Market cap,74.7,10145971,09-Oct-2026,31-Aug-2026,28.18,01-Sep-2026,83.0258,27,ACTIVE
HDFCAMC,HDFC Asset Management Company Limited,EQUITY,97077.86,Market cap,2262.5,934217,09-Oct-2026,29-Sep-2026,25.62,30-Sep-2026,2469.156,7,ACTIVE
UNITDSPR,United Spirits Limited,EQUITY,96993.57,Market cap,1366.0,988253,09-Oct-2026,10-Sep-2026,30.0,11-Sep-2026,1456.852,19,ACTIVE
TATACONSUM,TATA CONSUMER PRODUCTS LIMITED,EQUITY,94515.4,Market cap,955.0,947329,09-Oct-2026,11-Sep-2026,29.25,15-Sep-2026,1024.745,18,ACTIVE
LUPIN,Lupin Limited,EQUITY,89468.78,Market cap,1956.5,362266,09-Oct-2026,20-Aug-2026,29.27,21-Aug-2026,2159.592,34,ACTIVE
GODREJCP,Godrej Consumer Products Limited,EQUITY,88068.91,Market cap,860.5,619085,09-Oct-2026,12-Aug-2026,23.08,13-Aug-2026,915.204,40,ACTIVE
AMBUJACEM,Ambuja Cements Limited,EQUITY,87341.32,Market cap,351.5,2612497,09-Oct-2026,15-Sep-2026,25.72,16-Sep-2026,399.62,17,ACTIVE
MAXHEALTH,Max Healthcare Institute Limited,EQUITY,86021.16,Market cap,883.8,5377032,09-Oct-2026,30-Sep-2026,28.15,01-Oct-2026,1011.231,6,ACTIVE
ASHOKLEY,Ashok Leyland Limited,EQUITY,85206.13,Market cap,145.06,11096569,09-Oct-2026,15-Sep-2026,29.72,16-Sep-2026,166.385,17,ACTIVE
JSWENERGY,JSW Energy Limited,EQUITY,84710.6,Market cap,462.3,1015705,09-Oct-2026,01-Sep-2026,29.11,02-Sep-2026,529.6,26,ACTIVE
FEDERALBNK,The Federal Bank  Limited,EQUITY,81519.17,Market cap,330.0,5254147,09-Oct-2026,30-Sep-2026,29.65,01-Oct-2026,343.332,6,ACTIVE
MAZDOCK,Mazagon Dock Shipbuilders Limited,EQUITY,81079.38,Market cap,2010.0,883403,09-Oct-2026,15-Sep-2026,24.44,16-Sep-2026,2371.816,17,ACTIVE
SHREECEM,SHREE CEMENT LIMITED,EQUITY,79666.29,Market cap,22080.0,22022,09-Oct-2026,24-Aug-2026,29.25,25-Aug-2026,23684.1,32,ACTIVE
RECLTD,REC Limited,EQUITY,78996.72,Market cap,300.0,3106949,09-Oct-2026,21-Aug-2026,29.42,24-Aug-2026,322.865,33,ACTIVE
SRF,SRF Limited,EQUITY,74679.5,Market cap,2519.5,171724,09-Oct-2026,15-Sep-2026,28.79,16-Sep-2026,2552.216,17,ACTIVE
NHPC,NHPC Limited,EQUITY,73318.71,Market cap,72.99,5017868,09-Oct-2026,01-Oct-2026,29.07,05-Oct-2026,75.9576,5,ACTIVE
NIFTYBETA,UTIAMC-NIFTYBETA [Nifty 50],ETF,69368.65,AUM (AMFI avg Apr-Jun 2026),251.27,65076,09-Oct-2026,09-Sep-2026,27.16,10-Sep-2026,263.4354,20,ACTIVE
HINDPETRO,Hindustan Petroleum Corporation Limited,EQUITY,69367.01,Market cap,326.0,6391461,09-Oct-2026,08-Sep-2026,28.44,09-Sep-2026,363.222,21,ACTIVE
DABUR,Dabur India Limited,EQUITY,68598.92,Market cap,386.7,885320,09-Oct-2026,25-Aug-2026,29.51,26-Aug-2026,391.71,31,ACTIVE
INDUSINDBK,IndusInd Bank Limited,EQUITY,67135.0,Market cap,861.65,1130635,09-Oct-2026,25-Sep-2026,29.57,28-Sep-2026,975.251,9,ACTIVE
WAAREEENER,Waaree Energies Limited,EQUITY,66821.41,Market cap,2323.0,348771,09-Oct-2026,01-Oct-2026,28.27,05-Oct-2026,2572.932,5,ACTIVE
ICICIPRULI,ICICI Prudential Life Insurance Company Limited,EQUITY,66815.77,Market cap,460.55,669478,09-Oct-2026,09-Sep-2026,29.9,10-Sep-2026,487.561,20,ACTIVE
LTF,L&T Finance Limited,EQUITY,65467.22,Market cap,261.2,2599425,09-Oct-2026,30-Sep-2026,28.55,01-Oct-2026,303.145,6,ACTIVE
HAVELLS,Havells India Limited,EQUITY,65360.55,Market cap,1041.5,612107,09-Oct-2026,04-Sep-2026,28.01,07-Sep-2026,1176.816,23,ACTIVE
NMDC,NMDC Limited,EQUITY,63125.25,Market cap,71.8,16561924,09-Oct-2026,01-Oct-2026,27.91,05-Oct-2026,82.3024,5,ACTIVE
NIFTYBEES,NIPINDETFNIFTYBEES [Nifty 50],ETF,63031.98,AUM (AMFI avg Apr-Jun 2026),257.35,5563769,09-Oct-2026,09-Sep-2026,27.42,10-Sep-2026,270.4722,20,ACTIVE
SWIGGY,Swiggy Limited,EQUITY,61360.44,Market cap,234.2,9757453,09-Oct-2026,01-Oct-2026,27.16,05-Oct-2026,272.5412,5,ACTIVE
BANKINDIA,Bank of India,EQUITY,61215.17,Market cap,134.46,7400644,09-Oct-2026,28-Sep-2026,29.13,29-Sep-2026,139.84,8,ACTIVE
ASTERDM,Aster DM Quality Care Limited,EQUITY,61004.0,Market cap,699.85,894693,09-Oct-2026,24-Aug-2026,29.86,25-Aug-2026,771.829,32,ACTIVE
PRESTIGE,Prestige Estates Projects Limited,EQUITY,60595.13,Market cap,1406.8,230677,09-Oct-2026,15-Sep-2026,29.17,16-Sep-2026,1539.732,17,ACTIVE
TORNTPOWER,Torrent Power Limited,EQUITY,59893.98,Market cap,1188.6,380062,09-Oct-2026,05-Aug-2026,29.43,06-Aug-2026,1274.92,45,ACTIVE
FORTIS,Fortis Healthcare Limited,EQUITY,59358.58,Market cap,786.25,3638157,09-Oct-2026,25-Sep-2026,28.56,28-Sep-2026,886.968,9,ACTIVE
IOB,Indian Overseas Bank,EQUITY,58886.65,Market cap,30.58,2148216,09-Oct-2026,29-Sep-2026,27.67,30-Sep-2026,32.728,7,ACTIVE
NATIONALUM,National Aluminium Company Limited,EQUITY,58019.2,Market cap,315.9,2957669,09-Oct-2026,07-Oct-2026,28.96,08-Oct-2026,368.232,2,ACTIVE
SCHAEFFLER,Schaeffler India Limited,EQUITY,57325.94,Market cap,3667.6001,61842,09-Oct-2026,09-Oct-2026,26.96,Next trading day,,0,PENDING_START
BIOCON,Biocon Limited,EQUITY,57223.12,Market cap,349.4,1889502,09-Oct-2026,15-Sep-2026,26.87,16-Sep-2026,399.002,17,ACTIVE
KALYANKJIL,Kalyan Jewellers India Limited,EQUITY,57214.4,Market cap,554.0,3810430,09-Oct-2026,01-Oct-2026,29.91,05-Oct-2026,590.117,5,ACTIVE
BERGEPAINT,Berger Paints (I) Limited,EQUITY,55023.67,Market cap,471.9,203201,09-Oct-2026,09-Sep-2026,28.51,10-Sep-2026,492.221,20,ACTIVE
GICRE,General Insurance Corporation of India,EQUITY,54842.54,Market cap,312.6,630294,09-Oct-2026,29-Sep-2026,28.8,30-Sep-2026,345.792,7,ACTIVE
SENSEXBETA,UTIAMC-SENSEXBETA [BSE Sensex],ETF,53661.16,AUM (AMFI avg Apr-Jun 2026),800.77,1727,09-Oct-2026,15-Sep-2026,29.38,16-Sep-2026,841.9008,17,ACTIVE
SBICARD,SBI Cards and Payment Services Limited,EQUITY,53482.38,Market cap,562.0,789899,09-Oct-2026,01-Oct-2026,27.29,05-Oct-2026,632.476,5,ACTIVE
MRF,MRF Limited,EQUITY,51780.11,Market cap,122090.0,2593,09-Oct-2026,16-Sep-2026,28.56,17-Sep-2026,129144.4,16,ACTIVE
SUZLON,Suzlon Energy Limited,EQUITY,51686.55,Market cap,37.6,57510739,09-Oct-2026,10-Aug-2026,29.12,11-Aug-2026,44.5202,42,ACTIVE
LINDEINDIA,Linde India Limited,EQUITY,51136.42,Market cap,5996.0,10222,09-Oct-2026,10-Sep-2026,27.43,11-Sep-2026,6464.7,19,ACTIVE
COROMANDEL,Coromandel International Limited,EQUITY,50172.13,Market cap,1703.4,229825,09-Oct-2026,30-Sep-2026,27.7,01-Oct-2026,1952.358,6,ACTIVE
COLPAL,Colgate Palmolive (India) Limited,EQUITY,49441.55,Market cap,1817.8,3596368,09-Oct-2026,18-Aug-2026,29.16,19-Aug-2026,1881.198,36,ACTIVE
HDBFS,HDB Financial Services Limited,EQUITY,48766.98,Market cap,588.65,484652,09-Oct-2026,30-Sep-2026,27.84,01-Oct-2026,668.481,6,ACTIVE
GODREJPROP,Godrej Properties Limited,EQUITY,46690.11,Market cap,1550.0,295279,09-Oct-2026,11-Sep-2026,25.97,15-Sep-2026,1871.36,18,ACTIVE
SUNDARMFIN,Sundaram Finance Limited,EQUITY,45339.1,Market cap,4113.6001,40311,09-Oct-2026,08-Oct-2026,28.15,09-Oct-2026,4559.458,1,ACTIVE
MPHASIS,MphasiS Limited,EQUITY,45032.82,Market cap,2360.0,753740,09-Oct-2026,29-Sep-2026,27.6,30-Sep-2026,2374.09,7,ACTIVE
M&MFIN,Mahindra & Mahindra Financial Services Limited,EQUITY,44391.54,Market cap,319.45,1454187,09-Oct-2026,28-Sep-2026,29.97,29-Sep-2026,365.524,8,ACTIVE
KEI,KEI Industries Limited,EQUITY,43853.51,Market cap,4585.0,172591,09-Oct-2026,11-Sep-2026,28.97,15-Sep-2026,5076.218,18,ACTIVE
GLAXO,GlaxoSmithKline Pharmaceuticals Limited,EQUITY,43034.21,Market cap,2540.3,41331,09-Oct-2026,08-Oct-2026,28.2,09-Oct-2026,2813.352,1,ACTIVE
TIINDIA,Tube Investments of India Limited,EQUITY,42837.55,Market cap,2213.0,841251,09-Oct-2026,15-Sep-2026,28.03,16-Sep-2026,2664.096,17,ACTIVE
360ONE,360 ONE WAM LIMITED,EQUITY,42749.41,Market cap,1048.0,253881,09-Oct-2026,15-Sep-2026,28.17,16-Sep-2026,1125.058,17,ACTIVE
UPL,UPL Limited,EQUITY,41287.9,Market cap,488.45,1335162,09-Oct-2026,01-Oct-2026,28.83,05-Oct-2026,561.17,5,ACTIVE
NIFTYIETF,ICICIPruNiftyETF [Nifty 50],ETF,40723.19,AUM (AMFI avg Apr-Jun 2026),255.93,813429,09-Oct-2026,29-Sep-2026,28.36,30-Sep-2026,266.505,7,ACTIVE
PREMIERENE,Premier Energies Limited,EQUITY,40420.26,Market cap,895.35,501298,09-Oct-2026,16-Sep-2026,26.27,17-Sep-2026,974.026,16,ACTIVE
RVNL,Rail Vikas Nigam Limited,EQUITY,39750.91,Market cap,190.65,3972893,09-Oct-2026,01-Sep-2026,28.94,02-Sep-2026,213.367,26,ACTIVE
BDL,Bharat Dynamics Limited,EQUITY,39438.46,Market cap,1075.9,889904,09-Oct-2026,11-Sep-2026,29.63,15-Sep-2026,1233.708,18,ACTIVE
BALKRISIND,Balkrishna Industries Limited,EQUITY,38862.55,Market cap,2010.3,134318,09-Oct-2026,15-Sep-2026,29.97,16-Sep-2026,2279.152,17,ACTIVE
ASTRAL,Astral Limited,EQUITY,37874.3,Market cap,1409.8,171437,09-Oct-2026,15-Sep-2026,28.55,16-Sep-2026,1454.768,17,ACTIVE
JKCEMENT,JK Cement Limited,EQUITY,37660.55,Market cap,4874.0,39703,09-Oct-2026,02-Sep-2026,27.91,03-Sep-2026,5136.3,25,ACTIVE
IRCTC,Indian Railway Catering And Tourism Corporation Limited,EQUITY,36704.0,Market cap,458.8,1257359,09-Oct-2026,11-Sep-2026,27.54,15-Sep-2026,478.994,18,ACTIVE
THERMAX,Thermax Limited,EQUITY,36681.79,Market cap,3256.3,574693,09-Oct-2026,02-Sep-2026,28.41,03-Sep-2026,3736.144,25,ACTIVE
MEDANTA,Global Health Limited,EQUITY,35275.11,Market cap,1312.7,235493,09-Oct-2026,08-Oct-2026,29.64,09-Oct-2026,1426.67,1,ACTIVE
NH,Narayana Hrudayalaya Ltd.,EQUITY,34923.02,Market cap,1719.5,151191,09-Oct-2026,08-Oct-2026,29.18,09-Oct-2026,1855.74,1,ACTIVE
AIAENG,AIA Engineering Limited,EQUITY,34880.35,Market cap,3737.7,25677,09-Oct-2026,02-Sep-2026,29.26,03-Sep-2026,4215.064,25,ACTIVE
LTTS,L&T Technology Services Limited,EQUITY,34691.27,Market cap,3270.1001,60536,09-Oct-2026,24-Sep-2026,29.04,25-Sep-2026,3425.318,10,ACTIVE
VOLTAS,Voltas Limited,EQUITY,34203.56,Market cap,1033.7,236920,09-Oct-2026,02-Sep-2026,27.8,03-Sep-2026,1183.386,25,ACTIVE
ENDURANCE,Endurance Technologies Limited,EQUITY,33864.58,Market cap,2407.5,36293,09-Oct-2026,15-Sep-2026,28.59,16-Sep-2026,2784.584,17,ACTIVE
NLCINDIA,NLC India Limited,EQUITY,33771.53,Market cap,243.55,807874,09-Oct-2026,19-Aug-2026,28.81,20-Aug-2026,270.944,35,ACTIVE
CONCOR,Container Corporation of India Limited,EQUITY,33663.51,Market cap,442.0,493876,09-Oct-2026,28-Sep-2026,29.77,29-Sep-2026,494.086,8,ACTIVE
GODREJIND,Godrej Industries Limited,EQUITY,33193.3,Market cap,985.4,53471,09-Oct-2026,26-Aug-2026,29.45,27-Aug-2026,1159.858,30,ACTIVE
COCHINSHIP,Cochin Shipyard Limited,EQUITY,32358.94,Market cap,1230.0,2283196,09-Oct-2026,16-Sep-2026,29.94,17-Sep-2026,1428.162,16,ACTIVE
PIIND,PI Industries Limited,EQUITY,32134.39,Market cap,2118.2,119105,09-Oct-2026,12-Aug-2026,29.53,13-Aug-2026,2436.682,40,ACTIVE
HUDCO,Housing & Urban Development Corporation Limited,EQUITY,31980.35,Market cap,159.75,1602909,09-Oct-2026,01-Sep-2026,26.4,02-Sep-2026,180.2388,26,ACTIVE
UBL,United Breweries Limited,EQUITY,30887.81,Market cap,1168.2,110112,09-Oct-2026,02-Sep-2026,26.09,03-Sep-2026,1295.836,25,ACTIVE
ESCORTS,Escorts Kubota Limited,EQUITY,30042.98,Market cap,2730.5,34161,09-Oct-2026,16-Sep-2026,29.25,17-Sep-2026,2951.166,16,ACTIVE
DELHIVERY,Delhivery Limited,EQUITY,30009.24,Market cap,400.5,1476920,09-Oct-2026,15-Sep-2026,29.75,16-Sep-2026,443.801,17,ACTIVE
KIMS,Krishna Institute of Medical Sciences Limited,EQUITY,29631.46,Market cap,705.5,514098,09-Oct-2026,05-Oct-2026,27.97,06-Oct-2026,773.908,4,ACTIVE
IREDA,Indian Renewable Energy Development Agency Limited,EQUITY,29328.37,Market cap,104.4,3140287,09-Oct-2026,19-Aug-2026,29.78,20-Aug-2026,114.0374,35,ACTIVE
UCOBANK,UCO Bank,EQUITY,29154.47,Market cap,23.25,2972899,09-Oct-2026,01-Sep-2026,29.69,02-Sep-2026,24.7518,26,ACTIVE
SENSEXIETF,ICICIPruSensexETF [BSE Sensex],ETF,29153.29,AUM (AMFI avg Apr-Jun 2026),833.07,8693,09-Oct-2026,09-Sep-2026,28.47,10-Sep-2026,873.8838,20,ACTIVE
TATATECH,Tata Technologies Limited,EQUITY,29067.22,Market cap,715.85,2591236,09-Oct-2026,25-Sep-2026,29.67,28-Sep-2026,775.948,9,ACTIVE
HONAUT,Honeywell Automation India Limited,EQUITY,28749.49,Market cap,32495.0,2188,09-Oct-2026,09-Sep-2026,28.3,10-Sep-2026,35626.1,20,ACTIVE
GODFRYPHLP,Godfrey Phillips India Limited,EQUITY,28282.61,Market cap,1813.2,151621,09-Oct-2026,11-Sep-2026,28.4,15-Sep-2026,2048.474,18,ACTIVE
CHOLAHLDNG,Cholamandalam Financial Holdings Limited,EQUITY,26296.36,Market cap,1400.4,74621,09-Oct-2026,25-Sep-2026,26.94,28-Sep-2026,1508.808,9,ACTIVE
APOLLOTYRE,Apollo Tyres Limited,EQUITY,25306.42,Market cap,400.05,276049,09-Oct-2026,28-Sep-2026,28.87,29-Sep-2026,424.243,8,ACTIVE
ZFCVINDIA,ZF Commercial Vehicle Control Systems India Limited,EQUITY,23696.58,Market cap,2082.2,28359,09-Oct-2026,29-Sep-2026,28.78,30-Sep-2026,2477.806,7,ACTIVE
METROBRAND,Metro Brands Limited,EQUITY,23569.73,Market cap,864.65,30100,09-Oct-2026,11-Aug-2026,28.42,12-Aug-2026,924.62,41,ACTIVE
GRSE,Garden Reach Shipbuilders & Engineers Limited,EQUITY,23437.34,Market cap,2046.0,428457,09-Oct-2026,15-Sep-2026,27.64,16-Sep-2026,2449.91,17,ACTIVE
TVSHLTD,TVS Holdings Limited,EQUITY,23147.55,Market cap,11441.0,3517,09-Oct-2026,27-Aug-2026,28.26,28-Aug-2026,13340.32,29,ACTIVE
GILLETTE,Gillette India Limited,EQUITY,23137.13,Market cap,7100.5,13850,09-Oct-2026,28-Aug-2026,28.17,31-Aug-2026,7350.4,28,ACTIVE
ITI,ITI Limited,EQUITY,23120.96,Market cap,240.13,120525,09-Oct-2026,10-Sep-2026,29.9,11-Sep-2026,266.3036,19,ACTIVE
AMBER,Amber Enterprises India Limited,EQUITY,22730.08,Market cap,6445.0,164362,09-Oct-2026,29-Sep-2026,29.93,30-Sep-2026,7174.99,7,ACTIVE
PGHH,Procter & Gamble Hygiene and Health Care Limited,EQUITY,22535.87,Market cap,6942.5,7836,09-Oct-2026,19-Aug-2026,27.37,20-Aug-2026,7759.38,35,ACTIVE
MSUMI,Motherson Sumi Wiring India Limited,EQUITY,22249.23,Market cap,33.55,3280032,09-Oct-2026,25-Aug-2026,26.38,26-Aug-2026,37.1494,31,ACTIVE
DEEPAKNTR,Deepak Nitrite Limited,EQUITY,22121.59,Market cap,1621.9,371537,09-Oct-2026,15-Sep-2026,29.27,16-Sep-2026,1668.38,17,ACTIVE
KIOCL,KIOCL Limited,EQUITY,21803.07,Market cap,358.75,205635,09-Oct-2026,15-Sep-2026,25.99,16-Sep-2026,367.162,17,ACTIVE
SJVN,SJVN Limited,EQUITY,21719.98,Market cap,55.27,4370880,09-Oct-2026,18-Aug-2026,29.92,19-Aug-2026,64.3746,36,ACTIVE
ACC,ACC Limited,EQUITY,21276.3,Market cap,1133.0,118150,09-Oct-2026,15-Sep-2026,27.65,16-Sep-2026,1273.756,17,ACTIVE
CPSEETF,CPSEETF [Nifty CPSE],ETF,21191.05,AUM (AMFI avg Apr-Jun 2026),87.85,609342,09-Oct-2026,01-Oct-2026,27.57,05-Oct-2026,92.8922,5,ACTIVE
IRB,IRB Infrastructure Developers Limited,EQUITY,21112.34,Market cap,17.48,12217977,09-Oct-2026,25-Sep-2026,29.26,28-Sep-2026,18.8502,9,ACTIVE
GUJENERGY,GUJARAT ENERGY LIMITED,EQUITY,20988.22,Market cap,223.7,662780,09-Oct-2026,27-Aug-2026,28.3,28-Aug-2026,253.5486,29,ACTIVE
SUMICHEM,Sumitomo Chemical India Limited,EQUITY,20829.35,Market cap,417.3,169401,09-Oct-2026,11-Sep-2026,29.94,15-Sep-2026,491.451,18,ACTIVE
CREDITACC,CREDITACCESS GRAMEEN LIMITED,EQUITY,20315.35,Market cap,1267.5,158961,09-Oct-2026,31-Aug-2026,29.34,01-Sep-2026,1416.912,27,ACTIVE
NBCC,NBCC (India) Limited,EQUITY,20104.2,Market cap,74.46,3701882,09-Oct-2026,14-Aug-2026,29.24,17-Aug-2026,85.77,38,ACTIVE
AFFLE,Affle 3i Limited,EQUITY,19937.87,Market cap,1417.5,88028,09-Oct-2026,08-Oct-2026,27.28,09-Oct-2026,1596.78,1,ACTIVE
TATAELXSI,Tata Elxsi Limited,EQUITY,19499.76,Market cap,3130.0,627761,09-Oct-2026,09-Sep-2026,29.32,10-Sep-2026,3481.864,20,ACTIVE
AADHARHFC,Aadhar Housing Finance Limited,EQUITY,19449.31,Market cap,443.65,120960,09-Oct-2026,21-Aug-2026,29.81,24-Aug-2026,471.393,33,ACTIVE
CEMPRO,Cemindia Projects Limited,EQUITY,19327.82,Market cap,1125.1,160139,09-Oct-2026,07-Aug-2026,29.88,10-Aug-2026,1255.698,43,ACTIVE
RAMCOCEM,The Ramco Cements Limited,EQUITY,19081.79,Market cap,807.55,115711,09-Oct-2026,09-Oct-2026,29.58,Next trading day,,0,PENDING_START
CESC,CESC Limited,EQUITY,17660.57,Market cap,133.23,2193419,09-Oct-2026,28-Aug-2026,26.69,31-Aug-2026,149.252,28,ACTIVE
DEEPAKFERT,Deepak Fertilizers and Petrochemicals Corporation Limited,EQUITY,17597.64,Market cap,1392.6,211841,09-Oct-2026,11-Sep-2026,29.41,15-Sep-2026,1415.98,18,ACTIVE
PFIZER,Pfizer Limited,EQUITY,17421.65,Market cap,3808.2,15798,09-Oct-2026,08-Sep-2026,24.55,09-Sep-2026,4433.376,21,ACTIVE
ATUL,Atul Limited,EQUITY,17319.11,Market cap,5882.5,11975,09-Oct-2026,01-Oct-2026,28.93,05-Oct-2026,6373.49,5,ACTIVE
CAMS,Computer Age Management Services Limited,EQUITY,16698.01,Market cap,672.5,1069366,09-Oct-2026,29-Sep-2026,28.56,30-Sep-2026,736.541,7,ACTIVE
ERIS,Eris Lifesciences Limited,EQUITY,16242.12,Market cap,1170.7,72434,09-Oct-2026,28-Sep-2026,29.09,29-Sep-2026,1305.202,8,ACTIVE
CHOICEIN,Choice International Limited,EQUITY,15886.19,Market cap,713.1,213032,09-Oct-2026,16-Sep-2026,29.46,17-Sep-2026,774.643,16,ACTIVE
EMAMILTD,Emami Limited,EQUITY,15856.79,Market cap,369.45,341985,09-Oct-2026,31-Aug-2026,27.87,01-Sep-2026,385.86,27,ACTIVE
BAYERCROP,Bayer Cropscience Limited,EQUITY,15693.78,Market cap,3492.0,32722,09-Oct-2026,17-Sep-2026,29.59,18-Sep-2026,3934.948,15,ACTIVE
JSWCEMENT,JSW Cement Limited,EQUITY,15181.93,Market cap,112.43,1237797,09-Oct-2026,19-Aug-2026,28.62,20-Aug-2026,122.3476,35,ACTIVE
CHAMBLFERT,Chambal Fertilizers & Chemicals Limited,EQUITY,14996.42,Market cap,374.3,943160,09-Oct-2026,28-Aug-2026,29.42,31-Aug-2026,423.283,28,ACTIVE
PSB,Punjab & Sind Bank,EQUITY,14907.82,Market cap,21.01,838209,09-Oct-2026,17-Sep-2026,28.57,18-Sep-2026,22.66,15,ACTIVE
CENTURYPLY,Century Plyboards (India) Limited,EQUITY,14790.06,Market cap,665.7,26451,09-Oct-2026,15-Sep-2026,29.81,16-Sep-2026,732.616,17,ACTIVE
GMDCLTD,Gujarat Mineral Development Corporation Limited,EQUITY,14696.37,Market cap,462.15,693849,09-Oct-2026,29-Sep-2026,29.78,30-Sep-2026,554.557,7,ACTIVE
KANSAINER,Kansai Nerolac Paints Limited,EQUITY,14663.72,Market cap,181.29,144130,09-Oct-2026,15-Sep-2026,26.43,16-Sep-2026,193.7,17,ACTIVE
PGEL,PG Electroplast Limited,EQUITY,14662.9,Market cap,511.8,601541,09-Oct-2026,15-Sep-2026,25.2,16-Sep-2026,561.951,17,ACTIVE
ASTRAZEN,AstraZeneca Pharma India Limited,EQUITY,14592.5,Market cap,5837.0,8976,09-Oct-2026,19-Aug-2026,29.39,20-Aug-2026,7033.35,35,ACTIVE
NATCOPHARM,Natco Pharma Limited,EQUITY,14524.96,Market cap,789.4,233073,09-Oct-2026,04-Sep-2026,29.17,07-Sep-2026,854.3749,23,ACTIVE
SAMMAANCAP,Sammaan Capital Limited,EQUITY,14524.0,Market cap,126.44,4676286,09-Oct-2026,01-Oct-2026,26.03,05-Oct-2026,148.3558,5,ACTIVE
BASF,BASF India Limited,EQUITY,14489.43,Market cap,3347.3999,12663,09-Oct-2026,05-Oct-2026,29.7,06-Oct-2026,3746.046,4,ACTIVE
NIVABUPA,Niva Bupa Health Insurance Company Limited,EQUITY,14362.49,Market cap,77.65,886710,09-Oct-2026,24-Sep-2026,29.28,25-Sep-2026,81.1026,10,ACTIVE
CIEINDIA,CIE Automotive India Limited,EQUITY,14064.86,Market cap,370.75,126768,09-Oct-2026,27-Aug-2026,29.95,28-Aug-2026,392.686,29,ACTIVE
CCL,CCL Products (India) Limited,EQUITY,14021.15,Market cap,1051.5,70048,09-Oct-2026,21-Aug-2026,29.04,24-Aug-2026,1090.578,33,ACTIVE
SYNGENE,Syngene International Limited,EQUITY,13962.48,Market cap,347.4,379586,09-Oct-2026,18-Sep-2026,27.61,21-Sep-2026,388.731,14,ACTIVE
INDIACEM,The India Cements Limited,EQUITY,13826.82,Market cap,297.45,140017,09-Oct-2026,10-Sep-2026,28.35,11-Sep-2026,352.988,19,ACTIVE
ZENTEC,Zen Technologies Limited,EQUITY,13750.43,Market cap,1528.8,238886,09-Oct-2026,08-Oct-2026,28.25,09-Oct-2026,1739.064,1,ACTIVE
GPIL,Godawari Power And Ispat limited,EQUITY,13435.81,Market cap,206.47,1370336,09-Oct-2026,01-Oct-2026,29.03,05-Oct-2026,236.8494,5,ACTIVE
IGIL,International Gemological Institute Limited,EQUITY,13355.9,Market cap,309.05,380280,09-Oct-2026,09-Sep-2026,27.88,10-Sep-2026,332.63,20,ACTIVE
CROMPTON,Crompton Greaves Consumer Electricals Limited,EQUITY,13207.34,Market cap,205.11,3009639,09-Oct-2026,02-Sep-2026,29.68,03-Sep-2026,233.7836,25,ACTIVE
ARE&M,Amara Raja Energy & Mobility Limited,EQUITY,13196.13,Market cap,721.0,269993,09-Oct-2026,09-Sep-2026,29.28,10-Sep-2026,855.056,20,ACTIVE
KPITTECH,KPIT Technologies Limited,EQUITY,13039.68,Market cap,479.0,1979553,09-Oct-2026,24-Sep-2026,28.57,25-Sep-2026,565.792,10,ACTIVE
ANURAS,Anupam Rasayan India Limited,EQUITY,12892.18,Market cap,1132.4,579180,09-Oct-2026,15-Sep-2026,23.03,16-Sep-2026,1209.08,17,ACTIVE
VENTIVE,Ventive Hospitality Limited,EQUITY,12884.49,Market cap,551.7,22455,09-Oct-2026,14-Aug-2026,28.93,17-Aug-2026,582.033,38,ACTIVE
INGERRAND,Ingersoll Rand (India) Limited,EQUITY,12710.86,Market cap,4026.5,7846,09-Oct-2026,18-Sep-2026,29.76,21-Sep-2026,4438.192,14,ACTIVE
RAINBOW,Rainbow Childrens Medicare Limited,EQUITY,12683.3,Market cap,1250.2,85019,09-Oct-2026,30-Sep-2026,24.47,01-Oct-2026,1436.32,6,ACTIVE
VGUARD,V-Guard Industries Limited,EQUITY,12591.2,Market cap,288.2,394667,09-Oct-2026,30-Sep-2026,28.19,01-Oct-2026,322.179,6,ACTIVE
JBMA,JBM Auto Limited,EQUITY,12501.09,Market cap,528.6,141933,09-Oct-2026,30-Sep-2026,28.51,01-Oct-2026,612.442,6,ACTIVE
DOMS,DOMS Industries Limited,EQUITY,12498.16,Market cap,2059.3999,13281,09-Oct-2026,11-Sep-2026,27.5,15-Sep-2026,2172.18,18,ACTIVE
SOBHA,Sobha Limited,EQUITY,12424.83,Market cap,1161.7,177177,09-Oct-2026,19-Aug-2026,27.92,20-Aug-2026,1263.01,35,ACTIVE
EIDPARRY,EID Parry India Limited,EQUITY,12259.37,Market cap,688.9,151305,09-Oct-2026,15-Sep-2026,27.72,16-Sep-2026,752.778,17,ACTIVE
FRACTAL,Fractal Analytics Limited,EQUITY,12168.25,Market cap,707.6,628673,09-Oct-2026,16-Sep-2026,28.85,17-Sep-2026,789.066,16,ACTIVE
GALLANTT,Gallantt Ispat Limited,EQUITY,12154.53,Market cap,503.75,73495,09-Oct-2026,16-Sep-2026,28.2,17-Sep-2026,564.195,16,ACTIVE
BIKAJI,Bikaji Foods International Limited,EQUITY,11836.01,Market cap,472.05,120318,09-Oct-2026,25-Aug-2026,29.44,26-Aug-2026,579.394,31,ACTIVE
VINATIORGA,Vinati Organics Limited,EQUITY,11665.64,Market cap,1124.5,40186,09-Oct-2026,18-Sep-2026,29.54,21-Sep-2026,1277.86,14,ACTIVE
INOXWIND,Inox Wind Limited,EQUITY,11518.71,Market cap,66.65,37424012,09-Oct-2026,08-Oct-2026,25.69,09-Oct-2026,73.7762,1,ACTIVE
ABREL,Aditya Birla Real Estate Limited,EQUITY,11304.37,Market cap,1022.3,315767,09-Oct-2026,15-Sep-2026,27.06,16-Sep-2026,1303.568,17,ACTIVE
TRIDENT,Trident Limited,EQUITY,11189.9,Market cap,21.96,2976989,09-Oct-2026,10-Sep-2026,27.59,11-Sep-2026,23.7746,19,ACTIVE
BLUEDART,Blue Dart Express Limited,EQUITY,10820.89,Market cap,4560.3999,46395,09-Oct-2026,29-Sep-2026,22.7,30-Sep-2026,4934.458,7,ACTIVE
APTUS,Aptus Value Housing Finance India Limited,EQUITY,10804.41,Market cap,215.73,1402048,09-Oct-2026,18-Sep-2026,29.23,21-Sep-2026,247.9736,14,ACTIVE
GRAVITA,Gravita India Limited,EQUITY,10680.8,Market cap,1466.4,343096,09-Oct-2026,18-Sep-2026,29.53,21-Sep-2026,1666.528,14,ACTIVE
ICICIB22,ICICIPRAMC-BHARATIWIN [BSE BHARAT 22],ETF,10535.42,AUM (AMFI avg Apr-Jun 2026),108.11,132831,09-Oct-2026,15-Sep-2026,24.41,16-Sep-2026,113.5562,17,ACTIVE
VIYASH,Viyash Scientific Limited,EQUITY,10327.09,Market cap,234.06,1611395,09-Oct-2026,05-Oct-2026,29.88,06-Oct-2026,256.1738,4,ACTIVE
ZENSARTECH,Zensar Technologies Limited,EQUITY,10180.38,Market cap,448.55,1676995,09-Oct-2026,10-Sep-2026,28.92,11-Sep-2026,462.26,19,ACTIVE
JAINREC,Jain Resource Recycling Limited,EQUITY,9962.63,Market cap,288.7,867710,09-Oct-2026,11-Aug-2026,29.06,12-Aug-2026,293.202,41,ACTIVE
JPPOWER,Jaiprakash Power Ventures Limited,EQUITY,9958.08,Market cap,14.53,37595458,09-Oct-2026,03-Sep-2026,27.92,04-Sep-2026,16.507,24,ACTIVE
JUBLINGREA,Jubilant Ingrevia Limited,EQUITY,9869.9,Market cap,625.8,309466,09-Oct-2026,15-Sep-2026,26.34,16-Sep-2026,682.682,17,ACTIVE
KEC,KEC International Limited,EQUITY,9845.41,Market cap,369.85,16496548,09-Oct-2026,12-Aug-2026,29.7,13-Aug-2026,416.387,40,ACTIVE
IRCON,Ircon International Limited,EQUITY,9834.03,Market cap,104.56,1953169,09-Oct-2026,02-Sep-2026,29.95,03-Sep-2026,117.6434,25,ACTIVE
INDIAMART,Indiamart Intermesh Limited,EQUITY,9663.08,Market cap,1606.8,65545,09-Oct-2026,08-Sep-2026,27.33,09-Sep-2026,1705.98,21,ACTIVE
JKTYRE,JK Tyre & Industries Limited,EQUITY,9611.57,Market cap,333.4,277232,09-Oct-2026,09-Sep-2026,28.41,10-Sep-2026,366.904,20,ACTIVE
CANFINHOME,Can Fin Homes Limited,EQUITY,9562.5,Market cap,718.15,117461,09-Oct-2026,24-Sep-2026,25.98,25-Sep-2026,786.112,10,ACTIVE
RITES,RITES Limited,EQUITY,9547.67,Market cap,198.66,588471,09-Oct-2026,25-Sep-2026,28.53,28-Sep-2026,213.0156,9,ACTIVE
AVANTIFEED,Avanti Feeds Limited,EQUITY,9524.93,Market cap,699.1,206343,09-Oct-2026,02-Sep-2026,28.11,03-Sep-2026,810.041,25,ACTIVE
AAVAS,Aavas Financiers Limited,EQUITY,9460.0,Market cap,1193.0,31732,09-Oct-2026,27-Aug-2026,28.57,28-Aug-2026,1307.316,29,ACTIVE
SBFC,SBFC Finance Limited,EQUITY,9354.16,Market cap,84.4,1797429,09-Oct-2026,28-Sep-2026,28.28,29-Sep-2026,92.9364,8,ACTIVE
IEX,Indian Energy Exchange Limited,EQUITY,9322.56,Market cap,104.78,3366087,09-Oct-2026,08-Sep-2026,28.32,09-Sep-2026,118.0024,21,ACTIVE
JWL,Jupiter Wagons Limited,EQUITY,9162.82,Market cap,214.4,684136,09-Oct-2026,15-Sep-2026,27.27,16-Sep-2026,241.2342,17,ACTIVE
BLUEJET,Blue Jet Healthcare Limited,EQUITY,8926.53,Market cap,514.6,190639,09-Oct-2026,09-Oct-2026,29.63,Next trading day,,0,PENDING_START
AFCONS,Afcons Infrastructure Limited,EQUITY,8901.86,Market cap,242.04,326376,09-Oct-2026,11-Sep-2026,28.34,15-Sep-2026,267.9844,18,ACTIVE
BLS,BLS International Services Limited,EQUITY,8898.35,Market cap,216.23,400864,09-Oct-2026,01-Oct-2026,29.04,05-Oct-2026,240.265,5,ACTIVE
ABLBL,Aditya Birla Lifestyle Brands Limited,EQUITY,8801.27,Market cap,72.46,1263623,09-Oct-2026,19-Aug-2026,29.38,20-Aug-2026,84.245,35,ACTIVE
HCG,Healthcare Global Enterprises Limited,EQUITY,8796.89,Market cap,589.2,701686,09-Oct-2026,09-Oct-2026,26.19,Next trading day,,0,PENDING_START
TARIL,Transformers And Rectifiers (India) Limited,EQUITY,8724.32,Market cap,290.65,2354872,09-Oct-2026,17-Sep-2026,29.88,18-Sep-2026,291.473,15,ACTIVE
TIMETECHNO,Time Technoplast Limited,EQUITY,8705.26,Market cap,176.35,1622520,09-Oct-2026,16-Sep-2026,28.82,17-Sep-2026,188.4568,16,ACTIVE
PGHL,Procter & Gamble Health Limited,EQUITY,8639.98,Market cap,5205.0,7404,09-Oct-2026,17-Aug-2026,29.28,18-Aug-2026,5698.77,37,ACTIVE
SANDUMA,Sandur Manganese & Iron Ores Limited,EQUITY,8637.11,Market cap,177.68,519170,09-Oct-2026,15-Sep-2026,29.44,16-Sep-2026,194.967,17,ACTIVE
OLECTRA,Olectra Greentech Limited,EQUITY,8575.8,Market cap,1044.8,206511,09-Oct-2026,07-Sep-2026,29.86,08-Sep-2026,1248.658,22,ACTIVE
BBTC,The Bombay Burmah Trading Corporation Limited,EQUITY,8526.82,Market cap,1222.1,54718,09-Oct-2026,06-Oct-2026,29.74,07-Oct-2026,1444.87,3,ACTIVE
JLHL,Jupiter Life Line Hospitals Limited,EQUITY,8382.62,Market cap,255.7,81734,09-Oct-2026,11-Sep-2026,29.21,15-Sep-2026,290.253,18,ACTIVE
WAAREERTL,Waaree Renewable Technologies Limited,EQUITY,8375.91,Market cap,802.45,125209,09-Oct-2026,19-Aug-2026,29.02,20-Aug-2026,855.915,35,ACTIVE
ESABINDIA,Esab India Limited,EQUITY,8303.76,Market cap,5394.5,1932,09-Oct-2026,21-Sep-2026,29.99,22-Sep-2026,5835.46,13,ACTIVE
VESUVIUS,Vesuvius India Limited,EQUITY,8301.1,Market cap,409.0,69533,09-Oct-2026,31-Aug-2026,29.63,01-Sep-2026,420.68,27,ACTIVE
RPOWER,Reliance Power Limited,EQUITY,8275.68,Market cap,20.01,18104070,09-Oct-2026,19-Aug-2026,25.29,20-Aug-2026,21.9248,35,ACTIVE
SANOFICONR,Sanofi Consumer Healthcare India Limited,EQUITY,8260.65,Market cap,3581.7,5792,09-Oct-2026,18-Aug-2026,29.5,19-Aug-2026,4152.99,36,ACTIVE
MMTC,MMTC Limited,EQUITY,8230.5,Market cap,54.87,949198,09-Oct-2026,28-Sep-2026,27.49,29-Sep-2026,61.5002,8,ACTIVE
FIRSTCRY,Brainbees Solutions Limited,EQUITY,8208.74,Market cap,169.17,2327331,09-Oct-2026,19-Aug-2026,29.17,20-Aug-2026,187.556,35,ACTIVE
GENUSPOWER,Genus Power Infrastructures Limited,EQUITY,8202.54,Market cap,296.55,1471458,09-Oct-2026,01-Oct-2026,26.36,05-Oct-2026,315.084,5,ACTIVE
SWANCORP,SWAN CORP LIMITED,EQUITY,8196.9,Market cap,261.5,1028041,09-Oct-2026,05-Oct-2026,25.49,06-Oct-2026,294.029,4,ACTIVE
PRICOLLTD,Pricol Limited,EQUITY,8176.42,Market cap,670.85,599225,09-Oct-2026,06-Oct-2026,27.58,07-Oct-2026,756.148,3,ACTIVE
INTELLECT,Intellect Design Arena Limited,EQUITY,8149.42,Market cap,584.1,1238788,09-Oct-2026,18-Sep-2026,29.6,21-Sep-2026,672.652,14,ACTIVE
BANKBEES,NIPINDETFBANKBEES [Nifty Bank],ETF,8046.21,AUM (AMFI avg Apr-Jun 2026),572.92,885377,09-Oct-2026,28-Sep-2026,27.07,29-Sep-2026,587.279,8,ACTIVE
SUVEN,Suven Life Sciences Limited,EQUITY,7989.46,Market cap,282.75,583193,09-Oct-2026,08-Oct-2026,28.05,09-Oct-2026,340.799,1,ACTIVE
RAILTEL,Railtel Corporation Of India Limited,EQUITY,7964.09,Market cap,248.15,697365,09-Oct-2026,09-Sep-2026,28.87,10-Sep-2026,271.474,20,ACTIVE
TEJASNET,Tejas Networks Limited,EQUITY,7956.11,Market cap,447.2,1161517,09-Oct-2026,05-Oct-2026,28.93,06-Oct-2026,521.482,4,ACTIVE
THYROCARE,Thyrocare Technologies Limited,EQUITY,7953.31,Market cap,499.7,346020,09-Oct-2026,08-Oct-2026,28.64,09-Oct-2026,574.272,1,ACTIVE
JUNIORBEES,NIP IND ETF JUNIOR BEES [Nifty Next 50],ETF,7895.29,AUM (AMFI avg Apr-Jun 2026),738.11,428279,09-Oct-2026,15-Sep-2026,24.06,16-Sep-2026,785.8556,17,ACTIVE
BATAINDIA,Bata India Limited,EQUITY,7881.95,Market cap,613.25,89745,09-Oct-2026,15-Sep-2026,27.47,16-Sep-2026,670.814,17,ACTIVE
NCC,NCC Limited,EQUITY,7851.85,Market cap,125.06,17923368,09-Oct-2026,29-Sep-2026,29.67,30-Sep-2026,140.0086,7,ACTIVE
GRINFRA,G R Infraprojects Limited,EQUITY,7620.38,Market cap,787.55,12184,09-Oct-2026,16-Sep-2026,28.17,17-Sep-2026,853.81,16,ACTIVE
EQUITASBNK,Equitas Small Finance Bank Limited,EQUITY,7553.53,Market cap,66.02,696835,09-Oct-2026,28-Sep-2026,28.62,29-Sep-2026,72.8246,8,ACTIVE
MEDPLUS,Medplus Health Services Limited,EQUITY,7509.08,Market cap,625.3,109810,09-Oct-2026,03-Aug-2026,28.1,04-Aug-2026,666.305,47,ACTIVE
RELIGARE,Religare Enterprises Limited,EQUITY,7501.06,Market cap,217.59,837467,09-Oct-2026,05-Oct-2026,29.99,06-Oct-2026,240.9042,4,ACTIVE
RELAXO,Relaxo Footwears Limited,EQUITY,7119.64,Market cap,286.0,70455,09-Oct-2026,02-Sep-2026,29.4,03-Sep-2026,346.181,25,ACTIVE
TTKPRESTIG,TTK Prestige Limited,EQUITY,7055.82,Market cap,515.15,26664,09-Oct-2026,09-Sep-2026,29.68,10-Sep-2026,565.826,20,ACTIVE
INDIASHLTR,India Shelter Finance Corporation Limited,EQUITY,7026.28,Market cap,643.45,32404,09-Oct-2026,07-Aug-2026,27.2,10-Aug-2026,667.531,43,ACTIVE
SKFINDIA,SKF India Limited,EQUITY,6915.38,Market cap,1398.8,32258,09-Oct-2026,08-Oct-2026,28.84,09-Oct-2026,1532.47,1,ACTIVE
JYOTHYLAB,Jyothy Labs Limited,EQUITY,6901.82,Market cap,187.94,281120,09-Oct-2026,29-Sep-2026,27.12,30-Sep-2026,198.6392,7,ACTIVE
STARCEMENT,Star Cement Limited,EQUITY,6808.82,Market cap,168.46,119998,09-Oct-2026,19-Aug-2026,29.42,20-Aug-2026,190.7906,35,ACTIVE
SANOFI,Sanofi India Limited,EQUITY,6783.44,Market cap,2945.3999,12384,09-Oct-2026,09-Oct-2026,29.04,Next trading day,,0,PENDING_START
ZEEL,Zee Entertainment Enterprises Limited,EQUITY,6720.75,Market cap,69.97,14217239,09-Oct-2026,10-Sep-2026,26.95,11-Sep-2026,88.7104,19,ACTIVE
IXIGO,Le Travenues Technology Limited,EQUITY,6649.36,Market cap,150.75,1974728,09-Oct-2026,01-Sep-2026,29.89,02-Sep-2026,168.3608,26,ACTIVE
SONATSOFTW,Sonata Software Limited,EQUITY,6619.54,Market cap,239.15,2317760,09-Oct-2026,10-Sep-2026,29.29,11-Sep-2026,290.691,19,ACTIVE
SFL,Sheela Foam Limited,EQUITY,6592.06,Market cap,603.65,94246,09-Oct-2026,27-Aug-2026,29.76,28-Aug-2026,665.523,29,ACTIVE
TANLA,Tanla Platforms Limited,EQUITY,6580.75,Market cap,498.35,412625,09-Oct-2026,15-Sep-2026,29.5,16-Sep-2026,535.906,17,ACTIVE
EUREKAFORB,Eureka Forbes Limited,EQUITY,6565.14,Market cap,339.0,138652,09-Oct-2026,18-Sep-2026,28.11,21-Sep-2026,407.319,14,ACTIVE
SHARDACROP,Sharda Cropchem Limited,EQUITY,6531.06,Market cap,723.9,40154,09-Oct-2026,12-Aug-2026,29.09,13-Aug-2026,770.214,40,ACTIVE
SAFARI,Safari Industries (India) Limited,EQUITY,6465.83,Market cap,1319.6,20706,09-Oct-2026,01-Oct-2026,24.48,05-Oct-2026,1481.788,5,ACTIVE
CERA,Cera Sanitaryware Limited,EQUITY,6450.71,Market cap,5002.5,3249,09-Oct-2026,28-Sep-2026,24.57,29-Sep-2026,5657.42,8,ACTIVE
SJS,S.J.S. Enterprises Limited,EQUITY,6433.14,Market cap,1994.8,210171,09-Oct-2026,06-Oct-2026,28.81,07-Oct-2026,2357.09,3,ACTIVE
TTML,Tata Teleservices (Maharashtra) Limited,EQUITY,6429.76,Market cap,32.89,1506140,09-Oct-2026,20-Aug-2026,29.38,21-Aug-2026,36.9136,34,ACTIVE
IMFA,Indian Metals & Ferro Alloys Limited,EQUITY,6380.07,Market cap,1182.5,67063,09-Oct-2026,11-Sep-2026,29.81,15-Sep-2026,1322.484,18,ACTIVE
NEWGEN,Newgen Software Technologies Limited,EQUITY,6350.93,Market cap,449.3,1046902,09-Oct-2026,01-Oct-2026,28.15,05-Oct-2026,512.419,5,ACTIVE
BORORENEW,BOROSIL RENEWABLES LIMITED,EQUITY,6334.79,Market cap,430.4,157999,09-Oct-2026,27-Aug-2026,29.63,28-Aug-2026,504.498,29,ACTIVE
BIRLACORPN,Birla Corporation Limited,EQUITY,6293.65,Market cap,817.3,51775,09-Oct-2026,11-Sep-2026,28.32,15-Sep-2026,861.643,18,ACTIVE
SUPRAJIT,Suprajit Engineering Limited,EQUITY,6278.01,Market cap,457.65,103699,09-Oct-2026,07-Sep-2026,29.54,08-Sep-2026,497.598,22,ACTIVE
NEPHROPLUS,Nephrocare Health Services Limited,EQUITY,6198.46,Market cap,616.4,229572,09-Oct-2026,05-Oct-2026,29.25,06-Oct-2026,697.728,4,ACTIVE
GOKULAGRO,Gokul Agro Resources Limited,EQUITY,6100.62,Market cap,206.74,194279,09-Oct-2026,05-Oct-2026,26.94,06-Oct-2026,228.0146,4,ACTIVE
CAMPUS,Campus Activewear Limited,EQUITY,6021.89,Market cap,197.0,517679,09-Oct-2026,01-Oct-2026,26.77,05-Oct-2026,216.8682,5,ACTIVE
TIIL,Technocraft Industries (India) Limited,EQUITY,5965.44,Market cap,2631.1001,31941,09-Oct-2026,07-Oct-2026,25.54,08-Oct-2026,3018.43,2,ACTIVE
GSFC,Gujarat State Fertilizers & Chemicals Limited,EQUITY,5868.78,Market cap,147.28,433122,09-Oct-2026,15-Sep-2026,29.85,16-Sep-2026,156.891,17,ACTIVE
JKLAKSHMI,JK Lakshmi Cement Limited,EQUITY,5801.27,Market cap,467.3,121008,09-Oct-2026,31-Aug-2026,29.26,01-Sep-2026,524.518,27,ACTIVE
SIS,SIS LIMITED,EQUITY,5793.32,Market cap,416.3,89348,09-Oct-2026,28-Sep-2026,29.61,29-Sep-2026,422.48,8,ACTIVE
RCF,Rashtriya Chemicals and Fertilizers Limited,EQUITY,5761.83,Market cap,104.44,560731,09-Oct-2026,19-Aug-2026,27.6,20-Aug-2026,115.7994,35,ACTIVE
PICCADIL,Piccadily Agro Industries Limited,EQUITY,5724.05,Market cap,580.7,90859,09-Oct-2026,15-Sep-2026,28.07,16-Sep-2026,647.649,17,ACTIVE
V2RETAIL,V2 Retail Limited,EQUITY,5633.65,Market cap,154.5,1967480,09-Oct-2026,05-Oct-2026,14.79,06-Oct-2026,211.7014,4,ACTIVE
INOXGREEN,Inox Green Energy Services Limited,EQUITY,5409.52,Market cap,128.92,73560421,09-Oct-2026,05-Oct-2026,24.68,06-Oct-2026,170.5166,4,ACTIVE
ARVINDFASN,Arvind Fashions Limited,EQUITY,5386.62,Market cap,402.8,354592,09-Oct-2026,30-Sep-2026,27.63,01-Oct-2026,434.182,6,ACTIVE
FDC,FDC Limited,EQUITY,5375.17,Market cap,330.15,76554,09-Oct-2026,06-Aug-2026,28.99,07-Aug-2026,350.93,44,ACTIVE
ABFRL,Aditya Birla Fashion and Retail Limited,EQUITY,5311.23,Market cap,43.65,2707252,09-Oct-2026,31-Aug-2026,29.35,01-Sep-2026,52.4254,27,ACTIVE
GREENLAM,Greenlam Industries Limited,EQUITY,5264.72,Market cap,206.34,46668,09-Oct-2026,15-Sep-2026,29.69,16-Sep-2026,238.2364,17,ACTIVE
PRAJIND,Praj Industries Limited,EQUITY,5253.38,Market cap,285.8,422332,09-Oct-2026,09-Oct-2026,28.95,Next trading day,,0,PENDING_START
HDFCNIFTY,HDFCAMC-HDFCNIFTY [Nifty 50],ETF,5251.25,AUM (AMFI avg Apr-Jun 2026),254.97,101302,09-Oct-2026,09-Sep-2026,27.75,10-Sep-2026,267.645,20,ACTIVE
NIFTYETF,MIRAEAMC-MAN50ETF [Nifty 50],ETF,5183.75,AUM (AMFI avg Apr-Jun 2026),245.75,189590,09-Oct-2026,09-Sep-2026,28.0,10-Sep-2026,258.19,20,ACTIVE
SHAKTIPUMP,Shakti Pumps (India) Limited,EQUITY,5170.37,Market cap,419.0,577809,09-Oct-2026,14-Aug-2026,29.19,17-Aug-2026,482.874,38,ACTIVE
VIKRAMSOLR,Vikram Solar Limited,EQUITY,5157.03,Market cap,142.32,1565997,09-Oct-2026,10-Aug-2026,26.04,11-Aug-2026,165.5572,42,ACTIVE
HCC,Hindustan Construction Company Limited,EQUITY,4979.61,Market cap,19.01,16686872,09-Oct-2026,08-Oct-2026,28.18,09-Oct-2026,21.5974,1,ACTIVE
LUMAXIND,Lumax Industries Limited,EQUITY,4926.25,Market cap,5270.0,6395,09-Oct-2026,08-Oct-2026,28.73,09-Oct-2026,5826.11,1,ACTIVE
PRSMJOHNSN,Prism Johnson Limited,EQUITY,4906.22,Market cap,97.47,232408,09-Oct-2026,05-Oct-2026,28.44,06-Oct-2026,109.8888,4,ACTIVE
GOKEX,Gokaldas Exports Limited,EQUITY,4892.75,Market cap,667.7,138428,09-Oct-2026,21-Sep-2026,27.68,22-Sep-2026,754.766,13,ACTIVE
MASFIN,MAS Financial Services Limited,EQUITY,4839.36,Market cap,266.7,63479,09-Oct-2026,05-Oct-2026,28.73,06-Oct-2026,293.148,4,ACTIVE
LATENTVIEW,Latent View Analytics Limited,EQUITY,4804.54,Market cap,232.01,679764,09-Oct-2026,08-Sep-2026,29.66,09-Sep-2026,266.0408,21,ACTIVE
JSLL,Jeena Sikho Lifecare Limited,EQUITY,4787.44,Market cap,385.15,3255721,09-Oct-2026,05-Oct-2026,29.41,06-Oct-2026,510.122,4,ACTIVE
MAPMYINDIA,C.E. Info Systems Limited,EQUITY,4781.19,Market cap,873.1,87114,09-Oct-2026,29-Sep-2026,29.21,30-Sep-2026,960.362,7,ACTIVE
MOIL,MOIL Limited,EQUITY,4781.09,Market cap,234.96,383104,09-Oct-2026,19-Aug-2026,28.47,20-Aug-2026,254.6338,35,ACTIVE
IFBIND,IFB Industries Limited,EQUITY,4704.23,Market cap,1161.0,25962,09-Oct-2026,01-Oct-2026,29.66,05-Oct-2026,1304.186,5,ACTIVE
DBREALTY,Valor Estate Limited,EQUITY,4609.37,Market cap,84.98,786705,09-Oct-2026,19-Aug-2026,29.24,20-Aug-2026,102.4196,35,ACTIVE
GOLDIAM,Goldiam International Limited,EQUITY,4605.54,Market cap,305.9,188553,09-Oct-2026,16-Sep-2026,29.62,17-Sep-2026,342.232,16,ACTIVE
FIEMIND,Fiem Industries Limited,EQUITY,4599.89,Market cap,1747.7,37022,09-Oct-2026,17-Sep-2026,28.84,18-Sep-2026,2098.316,15,ACTIVE
HAPPSTMNDS,Happiest Minds Technologies Limited,EQUITY,4599.52,Market cap,306.1,639000,09-Oct-2026,10-Sep-2026,29.6,11-Sep-2026,362.414,19,ACTIVE
BANKNIFTY1,KOTAKMAMC-KOTAKBKETF [Nifty Bank],ETF,4519.3,AUM (AMFI avg Apr-Jun 2026),57.48,281981,09-Oct-2026,28-Sep-2026,28.66,29-Sep-2026,58.8556,8,ACTIVE
ASHAPURMIN,Ashapura Minechem Limited,EQUITY,4497.37,Market cap,470.8,168340,09-Oct-2026,07-Sep-2026,29.16,08-Sep-2026,571.293,22,ACTIVE
ALOKINDS,Alok Industries Limited,EQUITY,4468.72,Market cap,9.0,58747094,09-Oct-2026,17-Aug-2026,28.94,18-Aug-2026,9.2302,37,ACTIVE
SUBROS,Subros Limited,EQUITY,4414.83,Market cap,676.75,33563,09-Oct-2026,28-Aug-2026,29.98,31-Aug-2026,729.606,28,ACTIVE
CRAMC,Canara Robeco Asset Management Company Limited,EQUITY,4386.19,Market cap,219.95,476028,09-Oct-2026,09-Sep-2026,29.52,10-Sep-2026,245.0732,20,ACTIVE
PILANIINVS,Pilani Investment and Industries Corporation Limited,EQUITY,4359.92,Market cap,3937.7,1163,09-Oct-2026,01-Oct-2026,29.06,05-Oct-2026,4226.744,5,ACTIVE
EPIGRAL,Epigral Limited,EQUITY,4298.6,Market cap,996.4,19944,09-Oct-2026,29-Sep-2026,29.62,30-Sep-2026,1116.512,7,ACTIVE
ICRA,ICRA Limited,EQUITY,4258.92,Market cap,4424.7998,14123,09-Oct-2026,24-Sep-2026,27.7,25-Sep-2026,4777.864,10,ACTIVE
PSUBNKBEES,NIPINDETFPSUBANKBEES [Nifty PSU Bank],ETF,4041.03,AUM (AMFI avg Apr-Jun 2026),90.76,1934490,09-Oct-2026,01-Oct-2026,27.86,05-Oct-2026,93.9646,5,ACTIVE
SUNTECK,Sunteck Realty Limited,EQUITY,3981.62,Market cap,271.15,79096,09-Oct-2026,15-Sep-2026,29.35,16-Sep-2026,292.826,17,ACTIVE
RALLIS,Rallis India Limited,EQUITY,3851.65,Market cap,198.06,351634,09-Oct-2026,10-Sep-2026,29.82,11-Sep-2026,207.0282,19,ACTIVE
SINDHUTRAD,Sindhu Trade Links Limited,EQUITY,3843.21,Market cap,20.86,220405,09-Oct-2026,08-Oct-2026,26.92,09-Oct-2026,23.876,1,ACTIVE
DHANUKA,Dhanuka Agritech Limited,EQUITY,3833.74,Market cap,860.0,124880,09-Oct-2026,05-Oct-2026,29.56,06-Oct-2026,979.167,4,ACTIVE
AVANTEL,Avantel Limited,EQUITY,3826.64,Market cap,143.98,735406,09-Oct-2026,15-Sep-2026,29.13,16-Sep-2026,155.6488,17,ACTIVE
MHRIL,Mahindra Holidays & Resorts India Limited,EQUITY,3791.93,Market cap,188.02,137036,09-Oct-2026,02-Sep-2026,29.29,03-Sep-2026,208.876,25,ACTIVE
SWSOLAR,Sterling and Wilson Renewable Energy Limited,EQUITY,3786.17,Market cap,162.12,815471,09-Oct-2026,21-Aug-2026,29.69,24-Aug-2026,187.135,33,ACTIVE
AHLUCONT,Ahluwalia Contracts (India) Limited,EQUITY,3735.23,Market cap,557.6,35359,09-Oct-2026,18-Aug-2026,27.37,19-Aug-2026,655.959,36,ACTIVE
SYMPHONY,Symphony Limited,EQUITY,3713.41,Market cap,540.75,31515,09-Oct-2026,12-Aug-2026,29.86,13-Aug-2026,600.901,40,ACTIVE
SETFNIFBK,SBI-ETFNiftyBank [Nifty Bank],ETF,3708.08,AUM (AMFI avg Apr-Jun 2026),568.75,108046,09-Oct-2026,28-Sep-2026,26.77,29-Sep-2026,582.6482,8,ACTIVE
RAYMONDLSL,Raymond Lifestyle Limited,EQUITY,3632.42,Market cap,596.4,156227,09-Oct-2026,31-Aug-2026,28.75,01-Sep-2026,687.114,27,ACTIVE
MIDWESTLTD,Midwest Limited,EQUITY,3580.1,Market cap,990.05,32740,09-Oct-2026,12-Aug-2026,23.4,13-Aug-2026,1065.22,40,ACTIVE
PACEDIGITK,Pace Digitek Limited,EQUITY,3564.35,Market cap,165.13,2303290,09-Oct-2026,01-Sep-2026,28.65,02-Sep-2026,171.538,26,ACTIVE
GHCL,GHCL Limited,EQUITY,3540.54,Market cap,386.25,86158,09-Oct-2026,28-Sep-2026,28.3,29-Sep-2026,426.748,8,ACTIVE
STYRENIX,Styrenix Performance Materials Limited,EQUITY,3517.85,Market cap,1999.2,21435,09-Oct-2026,19-Aug-2026,29.41,20-Aug-2026,2121.552,35,ACTIVE
ORIENTELEC,Orient Electric Limited,EQUITY,3516.03,Market cap,164.77,220462,09-Oct-2026,24-Sep-2026,29.86,25-Sep-2026,174.7576,10,ACTIVE
RTNPOWER,RattanIndia Power Limited,EQUITY,3512.05,Market cap,6.54,10755505,09-Oct-2026,18-Aug-2026,27.78,19-Aug-2026,7.5756,36,ACTIVE
REFEX,Refex Industries Limited,EQUITY,3491.09,Market cap,254.4,224722,09-Oct-2026,16-Sep-2026,28.44,17-Sep-2026,283.485,16,ACTIVE
ITBEES,NIPINDETFIT [Nifty IT],ETF,3481.07,AUM (AMFI avg Apr-Jun 2026),31.84,17607237,09-Oct-2026,29-Sep-2026,29.11,30-Sep-2026,33.1386,7,ACTIVE
PNCINFRA,PNC Infratech Limited,EQUITY,3456.61,Market cap,134.74,415297,09-Oct-2026,27-Aug-2026,28.65,28-Aug-2026,181.3046,29,ACTIVE
LOWVOLIETF,ICICIPruNiftyLowvol30 [Nifty 100 Low Volatility 30],ETF,3452.3,AUM (AMFI avg Apr-Jun 2026),20.47,2902882,09-Oct-2026,08-Sep-2026,27.87,09-Sep-2026,21.8374,21,ACTIVE
RTNINDIA,RattanIndia Enterprises Limited,EQUITY,3445.31,Market cap,24.95,2145203,09-Oct-2026,03-Sep-2026,24.39,04-Sep-2026,28.64,24,ACTIVE
BAJAJELEC,Bajaj Electricals Limited,EQUITY,3439.62,Market cap,298.0,87536,09-Oct-2026,01-Oct-2026,28.55,05-Oct-2026,333.848,5,ACTIVE
CMSINFO,CMS Info Systems Limited,EQUITY,3422.96,Market cap,213.85,542826,09-Oct-2026,10-Sep-2026,29.33,11-Sep-2026,242.466,19,ACTIVE
VSTIND,VST Industries Limited,EQUITY,3417.66,Market cap,201.58,88934,09-Oct-2026,03-Aug-2026,27.89,04-Aug-2026,209.5862,47,ACTIVE
VAIBHAVGBL,Vaibhav Global Limited,EQUITY,3382.06,Market cap,201.67,280921,09-Oct-2026,24-Sep-2026,29.7,25-Sep-2026,221.1712,10,ACTIVE
MID150BEES,NIPINDETFMIDCAP150 [Nifty Midcap 150],ETF,3376.54,AUM (AMFI avg Apr-Jun 2026),223.72,697160,09-Oct-2026,28-Sep-2026,28.33,29-Sep-2026,237.167,8,ACTIVE
POCL,Pondy Oxides & Chemicals Limited,EQUITY,3365.39,Market cap,441.2,175594,09-Oct-2026,10-Sep-2026,28.0,11-Sep-2026,479.409,19,ACTIVE
BANKBETA,UTIAMC-BANKBETA [Nifty Bank],ETF,3358.34,AUM (AMFI avg Apr-Jun 2026),57.22,369030,09-Oct-2026,28-Sep-2026,26.92,29-Sep-2026,58.674,8,ACTIVE
NIFTY1,KotakNiftyETF [Nifty 50],ETF,3352.78,AUM (AMFI avg Apr-Jun 2026),250.85,80336,09-Oct-2026,09-Sep-2026,25.88,10-Sep-2026,263.3988,20,ACTIVE
IDEAFORGE,Ideaforge Technology Limited,EQUITY,3324.1,Market cap,668.6,207371,09-Oct-2026,15-Sep-2026,27.94,16-Sep-2026,777.821,17,ACTIVE
INDOTECH,Indo Tech Transformers Limited,EQUITY,3315.25,Market cap,3121.7,15628,09-Oct-2026,24-Sep-2026,29.81,25-Sep-2026,3521.848,10,ACTIVE
JKIL,J.Kumar Infraprojects Limited,EQUITY,3264.59,Market cap,431.45,83948,09-Oct-2026,29-Sep-2026,28.3,30-Sep-2026,482.848,7,ACTIVE
AURIONPRO,Aurionpro Solutions Limited,EQUITY,3236.59,Market cap,601.6,168086,09-Oct-2026,19-Aug-2026,26.54,20-Aug-2026,685.922,35,ACTIVE
SANDHAR,Sandhar Technologies Limited,EQUITY,3199.58,Market cap,530.3,109550,09-Oct-2026,08-Oct-2026,26.77,09-Oct-2026,617.454,1,ACTIVE
AGIIL,Agi Infra Limited,EQUITY,3176.18,Market cap,254.1,245311,09-Oct-2026,24-Aug-2026,28.3,25-Aug-2026,281.334,32,ACTIVE
GOPAL,Gopal Snacks Limited,EQUITY,3158.43,Market cap,253.35,74003,09-Oct-2026,15-Sep-2026,26.68,16-Sep-2026,266.778,17,ACTIVE
SAMHI,Samhi Hotels Limited,EQUITY,3155.28,Market cap,141.9,783686,09-Oct-2026,02-Sep-2026,28.6,03-Sep-2026,159.0164,25,ACTIVE
HEMIPROP,Hemisphere Properties India Limited,EQUITY,3146.35,Market cap,110.35,231818,09-Oct-2026,08-Sep-2026,29.44,09-Sep-2026,125.3656,21,ACTIVE
POLYPLEX,Polyplex Corporation Limited,EQUITY,3143.33,Market cap,1001.3,38546,09-Oct-2026,08-Oct-2026,29.16,09-Oct-2026,1126.8,1,ACTIVE
BSLNIFTY,ABSLNiftyETF-GO [Nifty 50],ETF,3105.25,AUM (AMFI avg Apr-Jun 2026),26.5,1036800,09-Oct-2026,09-Sep-2026,27.74,10-Sep-2026,27.8814,20,ACTIVE
JTEKTINDIA,Jtekt India Limited,EQUITY,3099.91,Market cap,111.75,105729,09-Oct-2026,02-Sep-2026,28.38,03-Sep-2026,124.8144,25,ACTIVE
DBCORP,D.B.Corp Limited,EQUITY,3082.91,Market cap,172.95,64098,09-Oct-2026,01-Sep-2026,29.12,02-Sep-2026,194.5624,26,ACTIVE
INDOSTAR,IndoStar Capital Finance Limited,EQUITY,3054.76,Market cap,188.95,204267,09-Oct-2026,29-Sep-2026,29.35,30-Sep-2026,237.1388,7,ACTIVE
NFL,National Fertilizers Limited,EQUITY,3028.83,Market cap,61.74,500455,09-Oct-2026,15-Sep-2026,25.6,16-Sep-2026,68.9498,17,ACTIVE
NACLIND,NACL Industries Limited,EQUITY,3024.32,Market cap,129.11,220854,09-Oct-2026,15-Sep-2026,27.53,16-Sep-2026,159.656,17,ACTIVE
INDRAMEDCO,Indraprastha Medical Corporation Limited,EQUITY,3016.5,Market cap,329.05,145432,09-Oct-2026,07-Oct-2026,29.26,08-Oct-2026,361.323,2,ACTIVE
ANUP,The Anup Engineering Limited,EQUITY,2981.08,Market cap,1488.2,17643,09-Oct-2026,10-Aug-2026,28.84,11-Aug-2026,1764.682,42,ACTIVE
PSPPROJECT,PSP Projects Limited,EQUITY,2963.03,Market cap,747.45,93455,09-Oct-2026,15-Sep-2026,27.91,16-Sep-2026,865.402,17,ACTIVE
ADVENZYMES,Advanced Enzyme Technologies Limited,EQUITY,2944.87,Market cap,267.15,235427,09-Oct-2026,01-Oct-2026,28.77,05-Oct-2026,296.224,5,ACTIVE
SETFNN50,SBI-ETFNiftyNext50 [Nifty Next 50],ETF,2907.26,AUM (AMFI avg Apr-Jun 2026),731.64,26226,09-Oct-2026,15-Sep-2026,27.29,16-Sep-2026,778.8296,17,ACTIVE
OSWALPUMPS,Oswal Pumps Limited,EQUITY,2899.71,Market cap,254.35,229791,09-Oct-2026,03-Aug-2026,29.46,04-Aug-2026,288.483,47,ACTIVE
BANKIETF,ICICIPRAMC-IPRU5008 [Nifty Bank],ETF,2897.55,AUM (AMFI avg Apr-Jun 2026),56.85,569391,09-Oct-2026,28-Sep-2026,25.85,29-Sep-2026,58.2446,8,ACTIVE
BHAGCHEM,Bhagiradha Chemicals & Industries Limited,EQUITY,2880.34,Market cap,222.13,149901,09-Oct-2026,16-Sep-2026,27.57,17-Sep-2026,264.4144,16,ACTIVE
ASHOKA,Ashoka Buildcon Limited,EQUITY,2863.94,Market cap,102.02,518674,09-Oct-2026,12-Aug-2026,26.31,13-Aug-2026,113.173,40,ACTIVE
WEBELSOLAR,Websol Energy System Limited,EQUITY,2846.81,Market cap,65.57,1405687,09-Oct-2026,12-Aug-2026,27.9,13-Aug-2026,78.769,40,ACTIVE
MUTHOOTMF,Muthoot Microfin Limited,EQUITY,2826.2,Market cap,168.46,142617,09-Oct-2026,25-Sep-2026,29.47,28-Sep-2026,200.028,9,ACTIVE
HEIDELBERG,HeidelbergCement India Limited,EQUITY,2816.35,Market cap,124.27,196733,09-Oct-2026,15-Sep-2026,25.63,16-Sep-2026,149.6592,17,ACTIVE
NIITMTS,NIIT Learning Systems Limited,EQUITY,2769.79,Market cap,200.98,70381,09-Oct-2026,01-Oct-2026,23.82,05-Oct-2026,225.8124,5,ACTIVE
PRINCEPIPE,Prince Pipes And Fittings Limited,EQUITY,2752.95,Market cap,248.95,94166,09-Oct-2026,01-Oct-2026,29.47,05-Oct-2026,272.615,5,ACTIVE
SUNCLAY,Sundaram Clayton Limited,EQUITY,2699.33,Market cap,1224.4,249856,09-Oct-2026,12-Aug-2026,29.3,13-Aug-2026,1252.162,40,ACTIVE
BALMLAWRIE,Balmer Lawrie & Company Limited,EQUITY,2684.42,Market cap,156.98,106514,09-Oct-2026,15-Sep-2026,27.2,16-Sep-2026,170.2356,17,ACTIVE
NAVNETEDUL,Navneet Education Limited,EQUITY,2680.0,Market cap,121.15,28138,09-Oct-2026,04-Aug-2026,26.91,05-Aug-2026,129.2562,46,ACTIVE
MONARCH,Monarch Networth Capital Limited,EQUITY,2673.09,Market cap,337.05,25271,09-Oct-2026,29-Sep-2026,29.34,30-Sep-2026,372.137,7,ACTIVE
FUSION,Fusion Finance Limited,EQUITY,2636.23,Market cap,164.03,325980,09-Oct-2026,28-Sep-2026,28.86,29-Sep-2026,191.908,8,ACTIVE
ROUTE,ROUTE MOBILE LIMITED,EQUITY,2625.34,Market cap,416.7,149170,09-Oct-2026,30-Sep-2026,29.69,01-Oct-2026,490.658,6,ACTIVE
HGINFRA,H.G. Infra Engineering Limited,EQUITY,2618.25,Market cap,401.75,87023,09-Oct-2026,18-Aug-2026,29.74,19-Aug-2026,484.853,36,ACTIVE
NSIL,Nalwa Sons Investments Limited,EQUITY,2616.1,Market cap,5093.5,1173,09-Oct-2026,01-Oct-2026,28.02,05-Oct-2026,5536.13,5,ACTIVE
GIPCL,Gujarat Industries Power Company Limited,EQUITY,2585.59,Market cap,166.58,207699,09-Oct-2026,08-Oct-2026,27.94,09-Oct-2026,182.7432,1,ACTIVE
MAITHANALL,Maithan Alloys Limited,EQUITY,2559.63,Market cap,879.25,46024,09-Oct-2026,08-Oct-2026,29.4,09-Oct-2026,985.684,1,ACTIVE
HDFCNIFBAN,HDFCAMC-HDFCNIFBAN [Nifty Bank],ETF,2537.79,AUM (AMFI avg Apr-Jun 2026),57.01,418982,09-Oct-2026,28-Sep-2026,25.98,29-Sep-2026,58.3834,8,ACTIVE
RAMCOIND,Ramco Industries Limited,EQUITY,2534.04,Market cap,291.8,107050,09-Oct-2026,05-Oct-2026,29.99,06-Oct-2026,328.623,4,ACTIVE
DDEVPLSTIK,Ddev Plastiks Industries Limited,EQUITY,2526.59,Market cap,244.17,76136,09-Oct-2026,15-Sep-2026,29.73,16-Sep-2026,268.355,17,ACTIVE
DIAMONDYD,Prataap Snacks Limited,EQUITY,2511.21,Market cap,1049.4,25734,09-Oct-2026,18-Sep-2026,27.31,21-Sep-2026,1134.996,14,ACTIVE
EFCIL,EFC (I) Limited,EQUITY,2505.47,Market cap,169.35,165939,09-Oct-2026,05-Oct-2026,29.92,06-Oct-2026,185.2546,4,ACTIVE
DREDGECORP,Dredging Corporation of India Limited,EQUITY,2477.86,Market cap,884.95,59332,09-Oct-2026,29-Sep-2026,28.92,30-Sep-2026,1043.552,7,ACTIVE
BBL,Bharat Bijlee Limited,EQUITY,2474.25,Market cap,2189.0,60058,09-Oct-2026,05-Aug-2026,29.7,06-Aug-2026,2261.83,45,ACTIVE
LTGILTBEES,NIPINDETFLONGTERMGILT [GSECS/GILT],ETF,2467.66,AUM (AMFI avg Apr-Jun 2026),29.38,1887784,09-Oct-2026,09-Oct-2026,29.55,Next trading day,,0,PENDING_START
ABSLBANETF,BIRLASLAMC-ABSLBANETF [Nifty Bank],ETF,2466.98,AUM (AMFI avg Apr-Jun 2026),56.76,308051,09-Oct-2026,28-Sep-2026,26.24,29-Sep-2026,58.1604,8,ACTIVE
NEXT50IETF,ICICIPRAMC-ICICINXT50 [Nifty Next 50],ETF,2462.59,AUM (AMFI avg Apr-Jun 2026),72.1,828294,09-Oct-2026,15-Sep-2026,25.27,16-Sep-2026,76.6698,17,ACTIVE
GLOBUSSPR,Globus Spirits Limited,EQUITY,2456.97,Market cap,780.95,62875,09-Oct-2026,10-Sep-2026,28.93,11-Sep-2026,862.921,19,ACTIVE
SIYSIL,Siyaram Silk Mills Limited,EQUITY,2448.4,Market cap,539.65,14353,09-Oct-2026,09-Sep-2026,29.86,10-Sep-2026,572.084,20,ACTIVE
VIMTALABS,Vimta Labs Limited,EQUITY,2402.39,Market cap,537.45,133411,09-Oct-2026,09-Oct-2026,27.84,Next trading day,,0,PENDING_START
PATELENG,Patel Engineering Limited,EQUITY,2385.71,Market cap,24.98,1594243,09-Oct-2026,16-Sep-2026,29.16,17-Sep-2026,27.3906,16,ACTIVE
MARATHON,Marathon Nextgen Realty Limited,EQUITY,2385.18,Market cap,353.65,41797,09-Oct-2026,09-Oct-2026,28.0,Next trading day,,0,PENDING_START
PSUBANK,KotakMahindraMutualFun [Nifty PSU Bank],ETF,2354.32,AUM (AMFI avg Apr-Jun 2026),81.02,336784,09-Oct-2026,15-Sep-2026,29.0,16-Sep-2026,84.2116,17,ACTIVE
DCAL,Dishman Carbogen Amcis Limited,EQUITY,2346.73,Market cap,149.68,133735,09-Oct-2026,01-Oct-2026,27.77,05-Oct-2026,172.9214,5,ACTIVE
FLAIR,Flair Writing Industries Limited,EQUITY,2324.18,Market cap,220.52,40243,09-Oct-2026,15-Sep-2026,29.03,16-Sep-2026,242.6642,17,ACTIVE
VEEDOL,Veedol Corporation Limited,EQUITY,2298.04,Market cap,1352.2,6248,09-Oct-2026,16-Sep-2026,29.88,17-Sep-2026,1438.78,16,ACTIVE
EASEMYTRIP,Easy Trip Planners Limited,EQUITY,2295.16,Market cap,5.76,6582764,09-Oct-2026,13-Aug-2026,28.02,14-Aug-2026,6.068,39,ACTIVE
KITEX,Kitex Garments Limited,EQUITY,2294.45,Market cap,115.01,228868,09-Oct-2026,10-Aug-2026,27.48,11-Aug-2026,126.6402,42,ACTIVE
GKENERGY,GK Energy Limited,EQUITY,2293.46,Market cap,113.08,193681,09-Oct-2026,05-Oct-2026,29.0,06-Oct-2026,125.9628,4,ACTIVE
ORIENTCEM,Orient Cement Limited,EQUITY,2293.34,Market cap,111.62,220825,09-Oct-2026,15-Sep-2026,28.38,16-Sep-2026,127.1762,17,ACTIVE
SIRCA,Sirca Paints India Limited,EQUITY,2292.69,Market cap,402.7,66070,09-Oct-2026,16-Sep-2026,29.26,17-Sep-2026,426.562,16,ACTIVE
ROSSARI,Rossari Biotech Limited,EQUITY,2270.05,Market cap,409.8,77278,09-Oct-2026,03-Sep-2026,27.45,04-Sep-2026,469.335,24,ACTIVE
ZAGGLE,Zaggle Prepaid Ocean Services Limited,EQUITY,2267.29,Market cap,168.3,662102,09-Oct-2026,17-Aug-2026,17.15,18-Aug-2026,185.6126,37,ACTIVE
NEXT50BETA,UTIAMC -NEXT50BETA [Nifty Next 50],ETF,2258.17,AUM (AMFI avg Apr-Jun 2026),73.8,148355,09-Oct-2026,15-Sep-2026,26.93,16-Sep-2026,78.355,17,ACTIVE
MEDIASSIST,Medi Assist Healthcare Services Limited,EQUITY,2249.65,Market cap,301.15,96232,09-Oct-2026,15-Sep-2026,27.35,16-Sep-2026,333.271,17,ACTIVE
TASTYBITE,Tasty Bite Eatables Limited,EQUITY,2247.3,Market cap,8758.0,1934,09-Oct-2026,09-Oct-2026,26.24,Next trading day,,0,PENDING_START
GSPCROP,GSP Crop Science Limited,EQUITY,2246.39,Market cap,482.9,255981,09-Oct-2026,09-Sep-2026,26.58,10-Sep-2026,550.927,20,ACTIVE
PARKHOTELS,Apeejay Surrendra Park Hotels Limited,EQUITY,2189.43,Market cap,102.61,109856,09-Oct-2026,15-Sep-2026,27.96,16-Sep-2026,112.0588,17,ACTIVE
POKARNA,Pokarna Limited,EQUITY,2130.13,Market cap,687.05,81383,09-Oct-2026,04-Sep-2026,28.09,07-Sep-2026,827.863,23,ACTIVE
FISCHER,Fischer Medical Ventures Limited,EQUITY,2121.91,Market cap,30.37,1143826,09-Oct-2026,09-Oct-2026,27.36,Next trading day,,0,PENDING_START
ORISSAMINE,The Orissa Minerals Development Company Limited,EQUITY,2118.0,Market cap,3530.0,4711,09-Oct-2026,15-Sep-2026,28.8,16-Sep-2026,4160.938,17,ACTIVE
PANACEABIO,Panacea Biotec Limited,EQUITY,2114.68,Market cap,345.25,58027,09-Oct-2026,10-Aug-2026,28.8,11-Aug-2026,389.078,42,ACTIVE
BRIGHOTEL,Brigade Hotel Ventures Limited,EQUITY,2107.37,Market cap,55.48,51234,09-Oct-2026,10-Sep-2026,29.94,11-Sep-2026,58.2248,19,ACTIVE
KICL,Kalyani Investment Company Limited,EQUITY,2104.34,Market cap,4820.6001,663,09-Oct-2026,15-Sep-2026,28.08,16-Sep-2026,5134.086,17,ACTIVE
ADVAIT,Advait Energy Transitions Limited,EQUITY,2065.74,Market cap,1888.8,30878,09-Oct-2026,28-Sep-2026,29.28,29-Sep-2026,2073.73,8,ACTIVE
REPCOHOME,Repco Home Finance Limited,EQUITY,2060.77,Market cap,329.4,72031,09-Oct-2026,14-Aug-2026,28.32,17-Aug-2026,357.854,38,ACTIVE
SANSTAR,Sanstar Limited,EQUITY,2040.74,Market cap,101.9,196503,09-Oct-2026,08-Oct-2026,27.65,09-Oct-2026,109.3908,1,ACTIVE
BOMDYEING,Bombay Dyeing & Mfg Company Limited,EQUITY,2005.66,Market cap,97.11,625909,09-Oct-2026,14-Aug-2026,29.54,17-Aug-2026,111.8086,38,ACTIVE
SHK,S H Kelkar and Company Limited,EQUITY,1890.97,Market cap,136.61,182432,09-Oct-2026,15-Sep-2026,27.22,16-Sep-2026,150.8256,17,ACTIVE
GREENPANEL,Greenpanel Industries Limited,EQUITY,1885.76,Market cap,153.78,121907,09-Oct-2026,13-Aug-2026,28.81,14-Aug-2026,166.2246,39,ACTIVE
NIBE,NIBE Limited,EQUITY,1880.68,Market cap,1213.2,35536,09-Oct-2026,15-Sep-2026,27.9,16-Sep-2026,1345.544,17,ACTIVE
SPANDANA,Spandana Sphoorty Financial Limited,EQUITY,1871.0,Market cap,211.08,66403,09-Oct-2026,05-Oct-2026,28.43,06-Oct-2026,236.8518,4,ACTIVE
SAGCEM,Sagar Cements Limited,EQUITY,1862.71,Market cap,142.51,36498,09-Oct-2026,19-Aug-2026,29.42,20-Aug-2026,158.883,35,ACTIVE
HONDAPOWER,Honda India Power Products Limited,EQUITY,1853.14,Market cap,1827.0,3954,09-Oct-2026,01-Sep-2026,27.62,02-Sep-2026,2000.82,26,ACTIVE
RAMKY,Ramky Infrastructure Limited,EQUITY,1851.04,Market cap,267.5,29949,09-Oct-2026,28-Aug-2026,28.24,31-Aug-2026,345.355,28,ACTIVE
BAJEL,Bajel Projects Limited,EQUITY,1819.45,Market cap,157.26,101952,09-Oct-2026,08-Oct-2026,25.49,09-Oct-2026,179.6892,1,ACTIVE
EUROPRATIK,Euro Pratik Sales Limited,EQUITY,1805.77,Market cap,176.69,77633,09-Oct-2026,15-Sep-2026,29.06,16-Sep-2026,250.9108,17,ACTIVE
TCIEXP,TCI Express Limited,EQUITY,1792.07,Market cap,466.15,70687,09-Oct-2026,15-Sep-2026,29.8,16-Sep-2026,529.418,17,ACTIVE
ARMANFIN,Arman Financial Services Limited,EQUITY,1786.76,Market cap,1694.2,24679,09-Oct-2026,28-Sep-2026,27.75,29-Sep-2026,1934.192,8,ACTIVE
SAKSOFT,Saksoft Limited,EQUITY,1783.86,Market cap,138.79,1913186,09-Oct-2026,15-Sep-2026,29.83,16-Sep-2026,154.0032,17,ACTIVE
EMSLIMITED,EMS Limited,EQUITY,1777.26,Market cap,320.05,109312,09-Oct-2026,29-Sep-2026,29.1,30-Sep-2026,373.351,7,ACTIVE
GOCLCORP,GOCL Corporation Limited,EQUITY,1772.22,Market cap,357.5,35855,09-Oct-2026,05-Oct-2026,29.2,06-Oct-2026,405.649,4,ACTIVE
BFUTILITIE,BF Utilities Limited,EQUITY,1766.99,Market cap,469.1,41901,09-Oct-2026,27-Aug-2026,28.37,28-Aug-2026,528.655,29,ACTIVE
INA,Insolation Energy Limited,EQUITY,1756.71,Market cap,79.67,564310,09-Oct-2026,13-Aug-2026,28.95,14-Aug-2026,94.0938,39,ACTIVE
CAMLINFINE,Camlin Fine Sciences Limited,EQUITY,1728.44,Market cap,89.98,381127,09-Oct-2026,12-Aug-2026,28.18,13-Aug-2026,105.1414,40,ACTIVE
HATHWAY,Hathway Cable & Datacom Limited,EQUITY,1725.85,Market cap,9.75,2568355,09-Oct-2026,28-Sep-2026,23.11,29-Sep-2026,10.2728,8,ACTIVE
SCILAL,Shipping Corporation of India Land and Assets Limited,EQUITY,1724.85,Market cap,37.03,128953,09-Oct-2026,11-Sep-2026,28.62,15-Sep-2026,39.1296,18,ACTIVE
LAOPALA,La Opala RG Limited,EQUITY,1717.84,Market cap,154.76,106650,09-Oct-2026,24-Aug-2026,29.92,25-Aug-2026,171.5336,32,ACTIVE
MIDCAPETF,MIRAEAMC-MAM150ETF [Nifty Midcap 150],ETF,1714.36,AUM (AMFI avg Apr-Jun 2026),22.09,1865089,09-Oct-2026,15-Sep-2026,23.89,16-Sep-2026,23.4276,17,ACTIVE
INSECTICID,Insecticides (India) Limited,EQUITY,1691.46,Market cap,581.3,5085,09-Oct-2026,24-Aug-2026,27.23,25-Aug-2026,609.177,32,ACTIVE
NUCLEUS,Nucleus Software Exports Limited,EQUITY,1684.16,Market cap,639.75,25518,09-Oct-2026,18-Sep-2026,29.47,21-Sep-2026,698.664,14,ACTIVE
DCXINDIA,DCX Systems Limited,EQUITY,1675.36,Market cap,150.41,685217,09-Oct-2026,09-Oct-2026,29.58,Next trading day,,0,PENDING_START
SILVERTUC,Silver Touch Technologies Limited,EQUITY,1663.49,Market cap,131.18,1135848,09-Oct-2026,01-Sep-2026,29.84,02-Sep-2026,169.3132,26,ACTIVE
HPL,HPL Electric & Power Limited,EQUITY,1658.31,Market cap,257.9,71501,09-Oct-2026,02-Sep-2026,29.05,03-Sep-2026,299.89,25,ACTIVE
HGS,Hinduja Global Solutions Limited,EQUITY,1654.03,Market cap,355.55,13298,09-Oct-2026,09-Sep-2026,29.65,10-Sep-2026,392.707,20,ACTIVE
EPACK,EPACK Durable Limited,EQUITY,1641.23,Market cap,170.47,263654,09-Oct-2026,20-Aug-2026,28.51,21-Aug-2026,194.796,34,ACTIVE
TEAMLEASE,Teamlease Services Limited,EQUITY,1631.54,Market cap,1068.0,23272,09-Oct-2026,03-Aug-2026,25.68,04-Aug-2026,1221.904,47,ACTIVE
STUDDS,Studds Accessories Limited,EQUITY,1631.2,Market cap,414.5,3767921,09-Oct-2026,09-Sep-2026,29.91,10-Sep-2026,426.718,20,ACTIVE
NDRAUTO,Ndr Auto Components Limited,EQUITY,1627.76,Market cap,682.35,12395,09-Oct-2026,24-Aug-2026,29.37,25-Aug-2026,750.046,32,ACTIVE
BHARATRAS,Bharat Rasayan Limited,EQUITY,1603.43,Market cap,964.7,13666,09-Oct-2026,02-Sep-2026,28.25,03-Sep-2026,1197.002,25,ACTIVE
TINNARUBR,Tinna Rubber and Infrastructure Limited,EQUITY,1595.93,Market cap,885.85,41524,09-Oct-2026,08-Oct-2026,29.6,09-Oct-2026,1023.13,1,ACTIVE
ACCELYA,Accelya Solutions India Limited,EQUITY,1584.57,Market cap,1061.6,48021,09-Oct-2026,29-Sep-2026,29.12,30-Sep-2026,1123.748,7,ACTIVE
MSCIINDIA,KOTAKMAMC - MSCIINDIA [MSCI India],ETF,1567.36,AUM (AMFI avg Apr-Jun 2026),27.77,13243,09-Oct-2026,15-Sep-2026,28.22,16-Sep-2026,29.5052,17,ACTIVE
GOODYEAR,Goodyear India Limited,EQUITY,1561.26,Market cap,676.85,2838,09-Oct-2026,15-Sep-2026,28.36,16-Sep-2026,743.621,17,ACTIVE
SERVOTECH,Servotech Renewable Power System Limited,EQUITY,1559.46,Market cap,69.05,375987,09-Oct-2026,19-Aug-2026,29.75,20-Aug-2026,77.9722,35,ACTIVE
INFOBEAN,InfoBeans Technologies Limited,EQUITY,1514.41,Market cap,156.19,3935340,09-Oct-2026,29-Sep-2026,29.76,30-Sep-2026,156.511,7,ACTIVE
JAICORPLTD,Jai Corp Limited,EQUITY,1509.87,Market cap,86.03,328876,09-Oct-2026,15-Sep-2026,25.22,16-Sep-2026,97.511,17,ACTIVE
ALPL30IETF,ICICIPRAMC-ICICIALPLV [Nifty Alpha Low-Volatility 30],ETF,1497.39,AUM (AMFI avg Apr-Jun 2026),25.48,199460,09-Oct-2026,11-Sep-2026,29.01,15-Sep-2026,27.4822,18,ACTIVE
IPL,India Pesticides Limited,EQUITY,1485.03,Market cap,128.95,111080,09-Oct-2026,12-Aug-2026,29.01,13-Aug-2026,137.5156,40,ACTIVE
CAPACITE,Capacit'e Infraprojects Limited,EQUITY,1459.93,Market cap,172.56,397204,09-Oct-2026,09-Oct-2026,29.87,Next trading day,,0,PENDING_START
SUMMITSEC,Summit Securities Limited,EQUITY,1456.8,Market cap,1330.8,2403,09-Oct-2026,29-Sep-2026,29.22,30-Sep-2026,1415.828,7,ACTIVE
DLINKINDIA,D-Link (India) Limited,EQUITY,1445.4,Market cap,407.1,34508,09-Oct-2026,12-Aug-2026,29.08,13-Aug-2026,431.413,40,ACTIVE
MTNL,Mahanagar Telephone Nigam Limited,EQUITY,1443.33,Market cap,22.91,656029,09-Oct-2026,10-Sep-2026,29.63,11-Sep-2026,25.5442,19,ACTIVE
MCLOUD,Magellanic Cloud Limited,EQUITY,1443.21,Market cap,24.5,1351617,09-Oct-2026,25-Sep-2026,29.58,28-Sep-2026,26.843,9,ACTIVE
VIKRAN,Vikran Engineering Limited,EQUITY,1440.18,Market cap,55.84,818274,09-Oct-2026,14-Aug-2026,28.36,17-Aug-2026,61.1732,38,ACTIVE
HITECH,Hi-Tech Pipes Limited,EQUITY,1438.03,Market cap,70.94,429043,09-Oct-2026,12-Aug-2026,28.99,13-Aug-2026,77.5232,40,ACTIVE
JISLDVREQS,Jain Irrigation Systems Limited,EQUITY,1434.01,Market cap,19.55,25675,09-Oct-2026,01-Oct-2026,27.12,05-Oct-2026,20.9164,5,ACTIVE
HINDWAREAP,Hindware Home Innovation Limited,EQUITY,1426.17,Market cap,170.5,40792,09-Oct-2026,13-Aug-2026,28.86,14-Aug-2026,188.2002,39,ACTIVE
SHALBY,Shalby Limited,EQUITY,1414.63,Market cap,131.84,51031,09-Oct-2026,14-Aug-2026,29.83,17-Aug-2026,148.885,38,ACTIVE
KPEL,K.P. Energy Limited,EQUITY,1411.08,Market cap,208.13,179828,09-Oct-2026,11-Aug-2026,24.42,12-Aug-2026,244.909,41,ACTIVE
SESHAPAPER,Seshasayee Paper and Boards Limited,EQUITY,1403.2,Market cap,222.49,101955,09-Oct-2026,09-Oct-2026,29.19,Next trading day,,0,PENDING_START
SIGNPOST,Signpost India Limited,EQUITY,1391.3,Market cap,260.3,21861,09-Oct-2026,02-Sep-2026,26.57,03-Sep-2026,265.932,25,ACTIVE
RHETAN,Rhetan TMT Limited,EQUITY,1386.56,Market cap,17.4,5129284,09-Oct-2026,24-Sep-2026,28.94,25-Sep-2026,22.4432,10,ACTIVE
CEINSYS,Ceinsys Tech Limited,EQUITY,1373.82,Market cap,656.15,44369,09-Oct-2026,03-Aug-2026,28.26,04-Aug-2026,730.063,47,ACTIVE
GTLINFRA,GTL Infrastructure Limited,EQUITY,1357.8,Market cap,1.06,25071214,09-Oct-2026,01-Sep-2026,28.22,02-Sep-2026,1.1688,26,ACTIVE
EQUAL50ADD,DSPAMC-DSPNEWETF [NIFTY 50 Equal Weight],ETF,1308.19,AUM (AMFI avg Apr-Jun 2026),319.72,24348,09-Oct-2026,09-Sep-2026,28.82,10-Sep-2026,338.795,20,ACTIVE
DSSL,Dynacons Systems & Solutions Limited,EQUITY,1293.39,Market cap,1015.45,48447,09-Oct-2026,31-Aug-2026,28.18,01-Sep-2026,1087.729,27,ACTIVE
IZMO,IZMO Limited,EQUITY,1285.69,Market cap,858.25,63409,09-Oct-2026,19-Aug-2026,30.0,20-Aug-2026,909.418,35,ACTIVE
SPMLINFRA,SPML Infra Limited,EQUITY,1280.59,Market cap,152.18,237107,09-Oct-2026,01-Oct-2026,28.85,05-Oct-2026,177.6052,5,ACTIVE
NEXT50,MIRAEAMC-MANXT50 [Nifty Next 50],ETF,1273.14,AUM (AMFI avg Apr-Jun 2026),704.61,27892,09-Oct-2026,15-Sep-2026,26.13,16-Sep-2026,749.8416,17,ACTIVE
NAVKARCORP,Navkar Corporation Limited,EQUITY,1273.09,Market cap,84.58,200716,09-Oct-2026,15-Sep-2026,28.09,16-Sep-2026,93.9232,17,ACTIVE
IVALUE,Ivalue Infosolutions Limited,EQUITY,1269.77,Market cap,232.43,130236,09-Oct-2026,31-Aug-2026,28.02,01-Sep-2026,249.3892,27,ACTIVE
PNBGILTS,PNB Gilts Limited,EQUITY,1267.99,Market cap,70.44,459898,09-Oct-2026,08-Oct-2026,27.59,09-Oct-2026,78.0372,1,ACTIVE
NIFTYAXIS,AXISAMC-NIFTYAXIS [Nifty 50],ETF,1255.63,AUM (AMFI avg Apr-Jun 2026),250.11,112377,09-Oct-2026,10-Sep-2026,28.87,11-Sep-2026,262.8234,19,ACTIVE
DEN,Den Networks Limited,EQUITY,1232.44,Market cap,25.85,372064,09-Oct-2026,01-Oct-2026,28.47,05-Oct-2026,27.0708,5,ACTIVE
UGROCAP,Ugro Capital Limited,EQUITY,1221.45,Market cap,79.93,142037,09-Oct-2026,20-Aug-2026,29.49,21-Aug-2026,87.1694,34,ACTIVE
UNIENTER,Uniphos Enterprises Limited,EQUITY,1212.88,Market cap,87.2,764,09-Oct-2026,15-Sep-2026,28.63,16-Sep-2026,92.8324,17,ACTIVE
ALLDIGI,Alldigi Tech Limited,EQUITY,1205.5,Market cap,791.1,5121,09-Oct-2026,01-Oct-2026,29.29,05-Oct-2026,798.716,5,ACTIVE
ALLTIME,All Time Plastics Limited,EQUITY,1176.19,Market cap,179.55,253581,09-Oct-2026,05-Oct-2026,26.91,06-Oct-2026,206.2626,4,ACTIVE
ATULAUTO,Atul Auto Limited,EQUITY,1156.12,Market cap,416.6,43607,09-Oct-2026,11-Sep-2026,29.97,15-Sep-2026,473.8,18,ACTIVE
GPTHEALTH,GPT Healthcare Limited,EQUITY,1145.65,Market cap,139.62,83497,09-Oct-2026,08-Oct-2026,24.01,09-Oct-2026,156.5826,1,ACTIVE
ASALCBR,Associated Alcohols & Breweries Ltd.,EQUITY,1145.12,Market cap,570.3,58160,09-Oct-2026,15-Sep-2026,29.71,16-Sep-2026,689.834,17,ACTIVE
SHRIRAMPPS,Shriram Properties Limited,EQUITY,1140.48,Market cap,66.83,256820,09-Oct-2026,17-Aug-2026,28.73,18-Aug-2026,75.3906,37,ACTIVE
NIITLTD,NIIT Limited,EQUITY,1124.44,Market cap,82.08,131543,09-Oct-2026,16-Sep-2026,29.48,17-Sep-2026,93.3454,16,ACTIVE
SOLARWORLD,Solarworld Energy Solutions Limited,EQUITY,1118.6,Market cap,129.06,154934,09-Oct-2026,04-Aug-2026,27.54,05-Aug-2026,146.9216,46,ACTIVE
KALAMANDIR,Sai Silks (Kalamandir) Limited,EQUITY,1107.19,Market cap,75.14,271674,09-Oct-2026,12-Aug-2026,28.56,13-Aug-2026,83.0754,40,ACTIVE
SULA,Sula Vineyards Limited,EQUITY,1105.92,Market cap,130.96,126864,09-Oct-2026,10-Sep-2026,29.06,11-Sep-2026,144.267,19,ACTIVE
SKMEGGPROD,SKM Egg Products Export (India) Limited,EQUITY,1091.26,Market cap,206.97,102032,09-Oct-2026,22-Sep-2026,29.6,23-Sep-2026,240.9126,12,ACTIVE
PLATIND,Platinum Industries Limited,EQUITY,1089.93,Market cap,198.44,44506,09-Oct-2026,08-Oct-2026,28.87,09-Oct-2026,217.4998,1,ACTIVE
LAXMIDENTL,Laxmi Dental Limited,EQUITY,1078.29,Market cap,195.92,54187,09-Oct-2026,12-Aug-2026,30.0,13-Aug-2026,200.024,40,ACTIVE
METALIETF,ICICIPRAMC - METALIETF [Nifty Metal],ETF,1075.84,AUM (AMFI avg Apr-Jun 2026),12.08,5727492,09-Oct-2026,08-Oct-2026,29.85,09-Oct-2026,13.0842,1,ACTIVE
ORIENTTECH,Orient Technologies Limited,EQUITY,1069.16,Market cap,233.41,356261,09-Oct-2026,09-Sep-2026,28.38,10-Sep-2026,242.9074,20,ACTIVE
JYOTISTRUC,Jyoti Structures Limited,EQUITY,1065.94,Market cap,8.93,3686282,09-Oct-2026,01-Sep-2026,28.51,02-Sep-2026,10.0354,26,ACTIVE
ONIDA,Onida Electronics Limited,EQUITY,1063.87,Market cap,28.79,236714,09-Oct-2026,10-Sep-2026,29.72,11-Sep-2026,34.7996,19,ACTIVE
HNGSNGBEES,NIPINDETFHANGSENGBEES [GLOBAL INDICES],ETF,1058.08,AUM (AMFI avg Apr-Jun 2026),460.89,34805,09-Oct-2026,24-Sep-2026,28.95,25-Sep-2026,471.3104,10,ACTIVE
PRECAM,Precision Camshafts Limited,EQUITY,1056.24,Market cap,111.2,103148,09-Oct-2026,19-Aug-2026,28.8,20-Aug-2026,125.1536,35,ACTIVE
DOLATALGO,Dolat Algotech Limited,EQUITY,1048.61,Market cap,59.58,205742,09-Oct-2026,01-Oct-2026,28.6,05-Oct-2026,68.9112,5,ACTIVE
ICEMAKE,Ice Make Refrigeration Limited,EQUITY,1043.04,Market cap,661.0,20001,09-Oct-2026,16-Sep-2026,25.64,17-Sep-2026,727.375,16,ACTIVE
DIGITIDE,Digitide Solutions Limited,EQUITY,1042.77,Market cap,69.9,429742,09-Oct-2026,15-Sep-2026,28.1,16-Sep-2026,90.763,17,ACTIVE
HARIOMPIPE,Hariom Pipe Industries Limited,EQUITY,1036.94,Market cap,334.85,95998,09-Oct-2026,17-Aug-2026,28.4,18-Aug-2026,358.51,37,ACTIVE
RIIL,Reliance Industrial Infrastructure Limited,EQUITY,1031.93,Market cap,683.4,46663,09-Oct-2026,15-Sep-2026,28.71,16-Sep-2026,726.804,17,ACTIVE
SEPC,SEPC Limited,EQUITY,1026.07,Market cap,5.28,77218752,09-Oct-2026,15-Sep-2026,28.22,16-Sep-2026,5.511,17,ACTIVE
WEL,Wonder Electricals Limited,EQUITY,1012.3,Market cap,75.54,134919,09-Oct-2026,02-Sep-2026,28.81,03-Sep-2026,99.8674,25,ACTIVE
GREENPOWER,Orient Green Power Company Limited,EQUITY,1004.12,Market cap,8.56,1926487,09-Oct-2026,18-Aug-2026,29.09,19-Aug-2026,9.2792,36,ACTIVE
GULPOLY,Gulshan Polyols Limited,EQUITY,996.24,Market cap,160.21,36117,09-Oct-2026,15-Sep-2026,27.36,16-Sep-2026,182.3932,17,ACTIVE
RUPA,Rupa & Company Limited,EQUITY,992.24,Market cap,124.74,139338,09-Oct-2026,09-Sep-2026,29.23,10-Sep-2026,144.5206,20,ACTIVE
FAZE3Q,Faze Three Limited,EQUITY,990.98,Market cap,408.3,59657,09-Oct-2026,16-Sep-2026,28.85,17-Sep-2026,483.266,16,ACTIVE
JPOLYINVST,Jindal Poly Investment and Finance Company Limited,EQUITY,984.34,Market cap,936.4,6814,09-Oct-2026,28-Sep-2026,29.82,29-Sep-2026,986.464,8,ACTIVE
BUTTERFLY,Butterfly Gandhimathi Appliances Limited,EQUITY,969.88,Market cap,542.45,5520,09-Oct-2026,02-Sep-2026,29.17,03-Sep-2026,616.373,25,ACTIVE
GRPLTD,GRP Limited,EQUITY,957.33,Market cap,1795.0,1080,09-Oct-2026,08-Oct-2026,25.55,09-Oct-2026,1974.766,1,ACTIVE
BOROSCI,Borosil Scientific Limited,EQUITY,954.14,Market cap,107.27,80719,09-Oct-2026,06-Aug-2026,29.98,07-Aug-2026,126.4004,44,ACTIVE
ARIHANTSUP,Arihant Superstructures Limited,EQUITY,948.56,Market cap,219.32,29121,09-Oct-2026,04-Sep-2026,29.91,07-Sep-2026,241.7696,23,ACTIVE
AWHCL,Antony Waste Handling Cell Limited,EQUITY,947.76,Market cap,334.05,81952,09-Oct-2026,07-Aug-2026,29.31,10-Aug-2026,379.296,43,ACTIVE
SRM,SRM Contractors Limited,EQUITY,937.1,Market cap,408.35,16780,09-Oct-2026,15-Sep-2026,29.35,16-Sep-2026,454.679,17,ACTIVE
CENTRUM,Centrum Capital Limited,EQUITY,929.09,Market cap,19.58,132209,09-Oct-2026,30-Sep-2026,26.15,01-Oct-2026,22.615,6,ACTIVE
HEALTHX,Health X Platform Limited,EQUITY,926.48,Market cap,291.25,2562,09-Oct-2026,01-Oct-2026,29.8,05-Oct-2026,297.156,5,ACTIVE
MADRASFERT,Madras Fertilizers Limited,EQUITY,924.88,Market cap,57.41,12905,09-Oct-2026,15-Sep-2026,28.1,16-Sep-2026,63.5322,17,ACTIVE
GKWLIMITED,GKW Limited,EQUITY,921.76,Market cap,1544.9,6765,09-Oct-2026,31-Aug-2026,26.77,01-Sep-2026,1589.436,27,ACTIVE
JARO,Jaro Institute of Technology Management and Research Limited,EQUITY,902.23,Market cap,405.0,97211,09-Oct-2026,01-Oct-2026,29.57,05-Oct-2026,447.847,5,ACTIVE
BCLIND,Bcl Industries Limited,EQUITY,893.16,Market cap,30.26,451113,09-Oct-2026,15-Sep-2026,29.18,16-Sep-2026,35.0442,17,ACTIVE
ELECTHERM,Electrotherm (India) Limited,EQUITY,880.27,Market cap,690.8,12319,09-Oct-2026,21-Sep-2026,26.87,22-Sep-2026,939.978,13,ACTIVE
SALZERELEC,Salzer Electronics Limited,EQUITY,879.27,Market cap,497.25,59700,09-Oct-2026,02-Sep-2026,29.3,03-Sep-2026,555.051,25,ACTIVE
BSHSL,Bombay Super Hybrid Seeds Limited,EQUITY,877.07,Market cap,83.58,13998,09-Oct-2026,07-Oct-2026,28.78,08-Oct-2026,87.3752,2,ACTIVE
LICNETFN50,LICNAMC-LICNFENGP [Nifty 50],ETF,851.85,AUM (AMFI avg Apr-Jun 2026),254.32,139,09-Oct-2026,10-Sep-2026,28.46,11-Sep-2026,266.5306,19,ACTIVE
MOM100,MotilalOsMidcap100ETF [Nifty Midcap 100],ETF,840.48,AUM (AMFI avg Apr-Jun 2026),63.65,324497,09-Oct-2026,15-Sep-2026,24.77,16-Sep-2026,67.287,17,ACTIVE
WAAREEINDO,Indosolar Limited,EQUITY,823.92,Market cap,198.04,92283,09-Oct-2026,21-Aug-2026,29.76,24-Aug-2026,266.3904,33,ACTIVE
IFBAGRO,IFB Agro Industries Limited,EQUITY,807.44,Market cap,862.0,3552,09-Oct-2026,15-Sep-2026,29.75,16-Sep-2026,924.92,17,ACTIVE
MAFATIND,Mafatlal Industries Limited,EQUITY,799.09,Market cap,110.71,45438,09-Oct-2026,05-Oct-2026,27.05,06-Oct-2026,122.0654,4,ACTIVE
FMCGIETF,ICICIPRAMC-ICICIFMCG [Nifty FMCG],ETF,776.85,AUM (AMFI avg Apr-Jun 2026),48.35,933239,09-Oct-2026,31-Aug-2026,29.13,01-Sep-2026,50.2656,27,ACTIVE
GEMAROMA,Gem Aromatics Limited,EQUITY,773.68,Market cap,148.11,37518,09-Oct-2026,17-Sep-2026,29.88,18-Sep-2026,166.3562,15,ACTIVE
SUYOG,Suyog Telematics Limited,EQUITY,755.81,Market cap,645.05,12824,09-Oct-2026,19-Aug-2026,29.6,20-Aug-2026,733.06,35,ACTIVE
HIMATSEIDE,Himatsingka Seide Limited,EQUITY,748.42,Market cap,59.52,782603,09-Oct-2026,14-Aug-2026,28.59,17-Aug-2026,70.1052,38,ACTIVE
NCLIND,NCL Industries Limited,EQUITY,748.24,Market cap,165.42,39600,09-Oct-2026,07-Oct-2026,29.66,08-Oct-2026,174.6636,2,ACTIVE
TOP10ADD,DSPAMC - TOP10ADD [Nifty Top 10 Equal Weight],ETF,741.72,AUM (AMFI avg Apr-Jun 2026),84.06,125236,09-Oct-2026,10-Sep-2026,28.55,11-Sep-2026,86.4678,19,ACTIVE
TVSELECT,TVS Electronics Limited,EQUITY,726.27,Market cap,385.9,33672,09-Oct-2026,31-Aug-2026,29.05,01-Sep-2026,429.266,27,ACTIVE
LICNFNHGP,LICNAMC-LICNFNHGP [Nifty 100],ETF,722.5,AUM (AMFI avg Apr-Jun 2026),260.31,233,09-Oct-2026,08-Oct-2026,28.46,09-Oct-2026,273.661,1,ACTIVE
NDTV,New Delhi Television Limited,EQUITY,719.71,Market cap,63.79,66846,09-Oct-2026,01-Sep-2026,28.38,02-Sep-2026,72.6166,26,ACTIVE
SALASAR,Salasar Techno Engineering Limited,EQUITY,713.16,Market cap,4.08,3446934,09-Oct-2026,03-Sep-2026,18.48,04-Sep-2026,5.2754,24,ACTIVE
MIDCAPIETF,ICICIPRAMC-ICICIM150 [Nifty Midcap 150],ETF,711.05,AUM (AMFI avg Apr-Jun 2026),22.4,604630,09-Oct-2026,15-Sep-2026,26.94,16-Sep-2026,23.7336,17,ACTIVE
GICHSGFIN,GIC Housing Finance Limited,EQUITY,708.3,Market cap,131.53,63850,09-Oct-2026,13-Aug-2026,28.68,14-Aug-2026,139.9094,39,ACTIVE
LICNETFSEN,LICNAMC-LICNFESGP [BSE Sensex],ETF,705.43,AUM (AMFI avg Apr-Jun 2026),842.65,85,09-Oct-2026,09-Sep-2026,29.33,10-Sep-2026,857.601,20,ACTIVE
NETF,TATAAML-NETF [Nifty 50],ETF,703.82,AUM (AMFI avg Apr-Jun 2026),246.0,3535,09-Oct-2026,11-Sep-2026,29.97,15-Sep-2026,258.2712,18,ACTIVE
SOLEX,Solex Energy Limited,EQUITY,695.3,Market cap,643.65,29887,09-Oct-2026,13-Aug-2026,29.87,14-Aug-2026,760.668,39,ACTIVE
VLSFINANCE,VLS Finance Limited,EQUITY,694.82,Market cap,221.43,9010,09-Oct-2026,15-Sep-2026,28.84,16-Sep-2026,245.8784,17,ACTIVE
DENTA,Denta Water and Infra Solutions Limited,EQUITY,693.67,Market cap,259.8,44915,09-Oct-2026,31-Aug-2026,27.95,01-Sep-2026,289.715,27,ACTIVE
JITFINFRA,JITF Infralogistics Limited,EQUITY,689.5,Market cap,268.25,15241,09-Oct-2026,15-Sep-2026,29.79,16-Sep-2026,304.079,17,ACTIVE
BORANA,Borana Weaves Limited,EQUITY,687.98,Market cap,258.2,26971,09-Oct-2026,05-Oct-2026,28.85,06-Oct-2026,306.233,4,ACTIVE
WANBURY,Wanbury Limited,EQUITY,686.82,Market cap,196.42,356327,09-Oct-2026,07-Aug-2026,28.56,10-Aug-2026,242.0068,43,ACTIVE
OMINFRAL,OM INFRA LIMITED,EQUITY,670.18,Market cap,69.59,43308,09-Oct-2026,01-Oct-2026,28.32,05-Oct-2026,81.9074,5,ACTIVE
BLAL,BEML Land Assets Limited,EQUITY,654.86,Market cap,157.25,15517,09-Oct-2026,31-Aug-2026,29.88,01-Sep-2026,165.0852,27,ACTIVE
BIRLAMONEY,Aditya Birla Money Limited,EQUITY,651.78,Market cap,115.34,18195,09-Oct-2026,10-Sep-2026,29.68,11-Sep-2026,124.5738,19,ACTIVE
PVSL,Popular Vehicles and Services Limited,EQUITY,649.47,Market cap,91.22,13283,09-Oct-2026,01-Oct-2026,23.86,05-Oct-2026,103.8532,5,ACTIVE
ASAL,Automotive Stampings and Assemblies Limited,EQUITY,643.14,Market cap,405.4,9481,09-Oct-2026,15-Sep-2026,26.82,16-Sep-2026,470.108,17,ACTIVE
LICNMID100,LICNAMC-LICNMID100 [Nifty Midcap 100],ETF,640.04,AUM (AMFI avg Apr-Jun 2026),58.75,8904,09-Oct-2026,16-Sep-2026,29.68,17-Sep-2026,62.726,16,ACTIVE
KELLTONTEC,Kellton Tech Solutions Limited,EQUITY,636.16,Market cap,11.97,1168359,09-Oct-2026,01-Oct-2026,25.97,05-Oct-2026,13.587,5,ACTIVE
HARDWYN,Hardwyn India Limited,EQUITY,628.42,Market cap,9.19,416077,09-Oct-2026,03-Aug-2026,27.08,04-Aug-2026,9.6988,47,ACTIVE
ECOSMOBLTY,Ecos (India) Mobility & Hospitality Limited,EQUITY,627.96,Market cap,104.66,49227,09-Oct-2026,18-Aug-2026,27.4,19-Aug-2026,114.9364,36,ACTIVE
SUMEETINDS,Sumeet Industries Limited,EQUITY,617.91,Market cap,11.74,1033622,09-Oct-2026,03-Aug-2026,22.03,04-Aug-2026,12.9266,47,ACTIVE
MAANALU,Maan Aluminium Limited,EQUITY,614.66,Market cap,102.47,46354,09-Oct-2026,15-Sep-2026,28.79,16-Sep-2026,113.6484,17,ACTIVE
GANESHCP,Ganesh Consumer Products Limited,EQUITY,614.6,Market cap,152.08,280524,09-Oct-2026,01-Oct-2026,28.79,05-Oct-2026,163.9098,5,ACTIVE
STCINDIA,The State Trading Corporation of India Limited,EQUITY,613.44,Market cap,102.24,31292,09-Oct-2026,28-Sep-2026,25.04,29-Sep-2026,114.0422,8,ACTIVE
TVTODAY,TV Today Network Limited,EQUITY,610.53,Market cap,102.32,17590,09-Oct-2026,16-Sep-2026,27.38,17-Sep-2026,110.1384,16,ACTIVE
FABTECH,Fabtech Technologies Limited,EQUITY,592.17,Market cap,133.22,176613,09-Oct-2026,09-Oct-2026,25.99,Next trading day,,0,PENDING_START
PVTBANKADD,DSPAMC-DSPPVBKETF [Nifty Private Bank],ETF,585.61,AUM (AMFI avg Apr-Jun 2026),27.74,28453,09-Oct-2026,28-Sep-2026,28.4,29-Sep-2026,27.8014,8,ACTIVE
GLOSTERLTD,Gloster Limited,EQUITY,585.19,Market cap,534.75,556,09-Oct-2026,25-Sep-2026,29.95,28-Sep-2026,599.133,9,ACTIVE
KSOLVES,Ksolves India Limited,EQUITY,574.91,Market cap,242.37,28977,09-Oct-2026,15-Sep-2026,29.95,16-Sep-2026,264.487,17,ACTIVE
CCCL,Consolidated Construction Consortium Limited,EQUITY,570.96,Market cap,12.78,69818,09-Oct-2026,16-Sep-2026,28.07,17-Sep-2026,14.4296,16,ACTIVE
SUTLEJTEX,Sutlej Textiles and Industries Limited,EQUITY,568.28,Market cap,34.23,356893,09-Oct-2026,09-Oct-2026,29.98,Next trading day,,0,PENDING_START
BANKADD,DSPAMC-DSPBANK [Nifty Bank],ETF,560.75,AUM (AMFI avg Apr-Jun 2026),56.53,813299,09-Oct-2026,28-Sep-2026,27.51,29-Sep-2026,58.0892,8,ACTIVE
AGARIND,Agarwal Industrial Corporation Limited,EQUITY,560.62,Market cap,374.8,25636,09-Oct-2026,01-Sep-2026,26.94,02-Sep-2026,449.477,26,ACTIVE
PYRAMID,Pyramid Technoplast Limited,EQUITY,550.17,Market cap,149.18,17903,09-Oct-2026,07-Sep-2026,29.15,08-Sep-2026,161.6956,22,ACTIVE
VAKRANGEE,Vakrangee Limited,EQUITY,546.14,Market cap,5.04,994840,09-Oct-2026,09-Sep-2026,28.0,10-Sep-2026,5.62,20,ACTIVE
NBIFIN,N. B. I. Industrial Finance Company Limited,EQUITY,544.58,Market cap,1843.0,57,09-Oct-2026,05-Oct-2026,28.13,06-Oct-2026,1995.73,4,ACTIVE
CEWATER,Concord Enviro Systems Limited,EQUITY,533.86,Market cap,257.95,26481,09-Oct-2026,12-Aug-2026,28.24,13-Aug-2026,269.002,40,ACTIVE
HDFCSENSEX,HDFCAMC-HDFCSENSEX [BSE Sensex],ETF,531.24,AUM (AMFI avg Apr-Jun 2026),82.48,45136,09-Oct-2026,09-Sep-2026,29.6,10-Sep-2026,86.1842,20,ACTIVE
TPLPLASTEH,TPL Plastech Limited,EQUITY,523.24,Market cap,67.08,112592,09-Oct-2026,15-Sep-2026,27.92,16-Sep-2026,72.1358,17,ACTIVE
METAL,MIRAEAMC - METAL [Nifty Metal],ETF,515.07,AUM (AMFI avg Apr-Jun 2026),12.12,1446902,09-Oct-2026,08-Oct-2026,28.25,09-Oct-2026,13.129,1,ACTIVE
BIGBLOC,Bigbloc Construction Limited,EQUITY,502.03,Market cap,35.46,57654,09-Oct-2026,20-Aug-2026,27.59,21-Aug-2026,41.913,34,ACTIVE
SUPREMEINF,Supreme Infrastructure India Limited,EQUITY,498.63,Market cap,51.14,476957,09-Oct-2026,01-Oct-2026,25.14,05-Oct-2026,81.4914,5,ACTIVE
LINC,Linc Limited,EQUITY,485.21,Market cap,81.54,42671,09-Oct-2026,01-Oct-2026,29.85,05-Oct-2026,94.7004,5,ACTIVE
INDOTHAI,Indo Thai Securities Limited,EQUITY,476.35,Market cap,36.75,1757761,09-Oct-2026,03-Aug-2026,19.07,04-Aug-2026,58.8402,47,ACTIVE
ITIETF,ICICIPRAMC-ICICITECH [Nifty IT],ETF,471.18,AUM (AMFI avg Apr-Jun 2026),31.87,905841,09-Oct-2026,29-Sep-2026,29.12,30-Sep-2026,33.1932,7,ACTIVE
URJA,Urja Global Limited,EQUITY,464.15,Market cap,8.33,455001,09-Oct-2026,16-Sep-2026,29.13,17-Sep-2026,9.1606,16,ACTIVE
SUKHJITS,Sukhjit Starch & Chemicals Limited,EQUITY,455.01,Market cap,145.63,8320,09-Oct-2026,06-Oct-2026,27.39,07-Oct-2026,158.9854,3,ACTIVE
MUFTI,Credo Brands Marketing Limited,EQUITY,448.67,Market cap,68.61,50664,09-Oct-2026,02-Sep-2026,29.88,03-Sep-2026,75.4896,25,ACTIVE
PANSARI,Pansari Developers Limited,EQUITY,448.64,Market cap,257.15,988,09-Oct-2026,09-Sep-2026,28.7,10-Sep-2026,298.992,20,ACTIVE
MINDTECK,Mindteck (India) Limited,EQUITY,445.35,Market cap,139.37,31466,09-Oct-2026,12-Aug-2026,28.74,13-Aug-2026,167.2266,40,ACTIVE
BFSI,MIRAEAMC-MAFSETF [Nifty Financial Services],ETF,435.31,AUM (AMFI avg Apr-Jun 2026),25.97,289225,09-Oct-2026,15-Sep-2026,29.75,16-Sep-2026,26.822,17,ACTIVE
NILASPACES,Nila Spaces Limited,EQUITY,432.1,Market cap,10.97,556510,09-Oct-2026,28-Sep-2026,29.71,29-Sep-2026,12.117,8,ACTIVE
MCLEODRUSS,Mcleod Russel India Limited,EQUITY,430.67,Market cap,41.23,163973,09-Oct-2026,06-Aug-2026,28.13,07-Aug-2026,46.1944,44,ACTIVE
ENIL,Entertainment Network (India) Limited,EQUITY,429.75,Market cap,90.15,9982,09-Oct-2026,01-Oct-2026,27.72,05-Oct-2026,100.59,5,ACTIVE
OSWALAGRO,Oswal Agro Mills Limited,EQUITY,426.38,Market cap,31.69,10524,09-Oct-2026,10-Sep-2026,26.95,11-Sep-2026,36.128,19,ACTIVE
AUTOBEES,NIPPONAMC-NETFAUTO [Nifty Auto],ETF,421.46,AUM (AMFI avg Apr-Jun 2026),257.87,192374,09-Oct-2026,11-Sep-2026,28.27,15-Sep-2026,288.3072,18,ACTIVE
MODINATUR,Modi Naturals Limited,EQUITY,420.15,Market cap,315.75,38778,09-Oct-2026,20-Aug-2026,27.45,21-Aug-2026,355.144,34,ACTIVE
WSI,W S Industries (I) Limited,EQUITY,407.86,Market cap,53.74,27302,09-Oct-2026,05-Oct-2026,27.25,06-Oct-2026,58.5094,4,ACTIVE
INFRAIETF,ICICIPRAMC-ICICIINFRA [Nifty Infrastructure],ETF,404.8,AUM (AMFI avg Apr-Jun 2026),88.35,48921,09-Oct-2026,15-Sep-2026,29.46,16-Sep-2026,94.1844,17,ACTIVE
HLVLTD,HLV LIMITED,EQUITY,402.81,Market cap,6.11,108016,09-Oct-2026,18-Aug-2026,29.54,19-Aug-2026,6.6074,36,ACTIVE
AQYLON,Aqylon Nexus Limited,EQUITY,399.63,Market cap,15.75,2665715,09-Oct-2026,03-Aug-2026,26.79,04-Aug-2026,21.5858,47,ACTIVE
BANKBETF,BFAM-BANKBETF [Nifty Bank],ETF,393.24,AUM (AMFI avg Apr-Jun 2026),56.22,20663,09-Oct-2026,28-Sep-2026,28.67,29-Sep-2026,57.658,8,ACTIVE
RAMAPHO,Rama Phosphates Limited,EQUITY,387.55,Market cap,109.52,45828,09-Oct-2026,08-Oct-2026,26.68,09-Oct-2026,121.7546,1,ACTIVE
DAVANGERE,Davangere Sugar Company Limited,EQUITY,383.27,Market cap,2.26,5030850,09-Oct-2026,04-Aug-2026,25.81,05-Aug-2026,2.4906,46,ACTIVE
DISHTV,Dish TV India Limited,EQUITY,377.46,Market cap,2.05,1993181,09-Oct-2026,04-Sep-2026,29.48,07-Sep-2026,2.574,23,ACTIVE
MIRZAINT,Mirza International Limited,EQUITY,376.88,Market cap,27.27,41935,09-Oct-2026,15-Sep-2026,28.82,16-Sep-2026,30.6598,17,ACTIVE
DENORA,De Nora India Limited,EQUITY,374.79,Market cap,706.0,4028,09-Oct-2026,28-Sep-2026,29.08,29-Sep-2026,811.311,8,ACTIVE
SURAJLTD,Suraj Limited,EQUITY,374.04,Market cap,203.68,5819,09-Oct-2026,20-Aug-2026,27.76,21-Aug-2026,205.0696,34,ACTIVE
ELIN,Elin Electronics Limited,EQUITY,372.97,Market cap,75.03,122419,09-Oct-2026,01-Oct-2026,24.5,05-Oct-2026,93.7062,5,ACTIVE
HDFCPVTBAN,HDFCAMC-HDFCPVTBAN [Nifty Private Bank],ETF,370.14,AUM (AMFI avg Apr-Jun 2026),27.74,154894,09-Oct-2026,29-Sep-2026,27.79,30-Sep-2026,27.8938,7,ACTIVE
VINYLINDIA,Vinyl Chemicals (India) Limited,EQUITY,369.88,Market cap,201.71,21163,09-Oct-2026,02-Sep-2026,29.9,03-Sep-2026,228.5966,25,ACTIVE
KOTYARK,Kotyark Industries Limited,EQUITY,364.99,Market cap,32.28,358087,09-Oct-2026,28-Sep-2026,26.73,29-Sep-2026,33.953,8,ACTIVE
TARACHAND,Tara Chand InfraLogistic Solutions Limited,EQUITY,362.99,Market cap,46.05,33470,09-Oct-2026,12-Aug-2026,28.61,13-Aug-2026,48.3914,40,ACTIVE
KRITINUT,Kriti Nutrients Limited,EQUITY,362.4,Market cap,72.33,8872,09-Oct-2026,29-Sep-2026,26.95,30-Sep-2026,81.3594,7,ACTIVE
ACL,Andhra Cements Limited,EQUITY,361.87,Market cap,39.26,3310,09-Oct-2026,12-Aug-2026,28.83,13-Aug-2026,43.8222,40,ACTIVE
EMAMIREAL,Emami Realty Limited,EQUITY,358.67,Market cap,68.93,6996,09-Oct-2026,25-Aug-2026,28.14,26-Aug-2026,70.6288,31,ACTIVE
LIBERTSHOE,Liberty Shoes Limited,EQUITY,358.37,Market cap,210.31,13075,09-Oct-2026,08-Sep-2026,29.31,09-Sep-2026,235.7582,21,ACTIVE
FOCUS,Focus Lighting and Fixtures Limited,EQUITY,351.21,Market cap,52.24,44921,09-Oct-2026,05-Oct-2026,25.61,06-Oct-2026,63.5166,4,ACTIVE
BANSWRAS,Banswara Syntex Limited,EQUITY,350.81,Market cap,102.48,5540,09-Oct-2026,05-Oct-2026,29.45,06-Oct-2026,114.826,4,ACTIVE
BSE500IETF,ICICIPRAMC-ICICI500 [BSE 500],ETF,348.4,AUM (AMFI avg Apr-Jun 2026),37.06,594335,09-Oct-2026,15-Sep-2026,22.85,16-Sep-2026,39.0364,17,ACTIVE
IGCL,Indogulf Cropsciences Limited,EQUITY,348.3,Market cap,55.09,348212,09-Oct-2026,15-Sep-2026,25.72,16-Sep-2026,68.342,17,ACTIVE
MUTHOOTCAP,Muthoot Capital Services Limited,EQUITY,344.56,Market cap,209.49,5713,09-Oct-2026,08-Oct-2026,27.8,09-Oct-2026,237.865,1,ACTIVE
NIF100BEES,NIPINDETFNIFTY100 [Nifty 100],ETF,344.54,AUM (AMFI avg Apr-Jun 2026),250.36,27226,09-Oct-2026,01-Oct-2026,29.71,05-Oct-2026,260.9582,5,ACTIVE
TOLINS,Tolins Tyres Limited,EQUITY,343.29,Market cap,86.89,16498,09-Oct-2026,13-Aug-2026,28.9,14-Aug-2026,93.3684,39,ACTIVE
BNKETFAXIS,AXISAMC-BNKETFAXIS [Nifty Bank],ETF,342.94,AUM (AMFI avg Apr-Jun 2026),570.92,6143,09-Oct-2026,28-Sep-2026,27.72,29-Sep-2026,585.4384,8,ACTIVE
INSPIRISYS,Inspirisys Solutions Limited,EQUITY,336.7,Market cap,84.99,1117,09-Oct-2026,14-Aug-2026,29.56,17-Aug-2026,90.2996,38,ACTIVE
CPEDU,Career Point Edutech Limited,EQUITY,334.66,Market cap,183.95,1289,09-Oct-2026,25-Aug-2026,29.39,26-Aug-2026,190.9464,31,ACTIVE
HCL-INSYS,HCL Infosystems Limited,EQUITY,329.21,Market cap,10.0,109535,09-Oct-2026,01-Sep-2026,26.49,02-Sep-2026,10.6754,26,ACTIVE
EUROBOND,Euro Panel Products Limited,EQUITY,328.62,Market cap,134.13,1694,09-Oct-2026,08-Oct-2026,26.97,09-Oct-2026,152.8482,1,ACTIVE
DIGISPICE,DiGiSPICE Technologies Limited,EQUITY,325.84,Market cap,15.62,69876,09-Oct-2026,04-Aug-2026,24.52,05-Aug-2026,16.6192,46,ACTIVE
AFIL,Akme Fintrade (India) Limited,EQUITY,323.9,Market cap,7.59,262054,09-Oct-2026,15-Sep-2026,28.94,16-Sep-2026,8.9116,17,ACTIVE
HARRMALAYA,Harrisons  Malayalam Limited,EQUITY,317.8,Market cap,172.2,2910,09-Oct-2026,16-Sep-2026,29.47,17-Sep-2026,192.3866,16,ACTIVE
DREAMFOLKS,Dreamfolks Services Limited,EQUITY,317.54,Market cap,59.61,32548,09-Oct-2026,05-Oct-2026,29.53,06-Oct-2026,65.8466,4,ACTIVE
SHAH,Shah Metacorp Limited,EQUITY,303.81,Market cap,2.96,310381,09-Oct-2026,21-Aug-2026,28.95,24-Aug-2026,3.5428,33,ACTIVE
ENERGY,MIRAEAMC - ENERGY [Nifty Energy],ETF,303.1,AUM (AMFI avg Apr-Jun 2026),36.1,138801,09-Oct-2026,01-Sep-2026,29.67,02-Sep-2026,38.0956,26,ACTIVE
BANKETF,MIRAEAMC-BANKETF [Nifty Bank],ETF,300.94,AUM (AMFI avg Apr-Jun 2026),564.6,21186,09-Oct-2026,28-Sep-2026,27.22,29-Sep-2026,578.07,8,ACTIVE
KRITI,Kriti Industries (India) Limited,EQUITY,300.42,Market cap,57.01,7523,09-Oct-2026,31-Aug-2026,28.01,01-Sep-2026,63.5542,27,ACTIVE
SHEMAROO,Shemaroo Entertainment Limited,EQUITY,292.65,Market cap,101.86,6223,09-Oct-2026,08-Oct-2026,26.01,09-Oct-2026,121.567,1,ACTIVE
OILIETF,ICICIPRAMC - OILIETF [Nifty Oil & Gas],ETF,287.4,AUM (AMFI avg Apr-Jun 2026),10.52,1662450,09-Oct-2026,29-Sep-2026,29.68,30-Sep-2026,11.1728,7,ACTIVE
MOREALTY,MOTILALAMC-MOREALTY [Nifty Realty],ETF,285.78,AUM (AMFI avg Apr-Jun 2026),80.32,217202,09-Oct-2026,15-Sep-2026,28.12,16-Sep-2026,87.8164,17,ACTIVE
SHANKARA,Shankara Building Products Limited,EQUITY,285.1,Market cap,117.57,127104,09-Oct-2026,24-Sep-2026,29.88,25-Sep-2026,140.6488,10,ACTIVE
IT,KOTAKMAMC-KOTAKIT [NIFTY IT],ETF,282.65,AUM (AMFI avg Apr-Jun 2026),31.73,832173,09-Oct-2026,29-Sep-2026,29.16,30-Sep-2026,33.1096,7,ACTIVE
AXITA,Axita Cotton Limited,EQUITY,282.41,Market cap,7.38,465660,09-Oct-2026,01-Oct-2026,27.98,05-Oct-2026,7.703,5,ACTIVE
TERASOFT,Tera Software Limited,EQUITY,282.32,Market cap,225.64,25779,09-Oct-2026,21-Aug-2026,29.72,24-Aug-2026,293.6406,33,ACTIVE
MONIFTY500,MOTILALAMC-MONIFTY500 [Nifty 500],ETF,279.26,AUM (AMFI avg Apr-Jun 2026),22.34,1189075,09-Oct-2026,15-Sep-2026,26.93,16-Sep-2026,23.6228,17,ACTIVE
FINIETF,ICICIPRAMC-ICICIFIN [Nifty Financial Services Ex-Bank],ETF,277.84,AUM (AMFI avg Apr-Jun 2026),30.06,196315,09-Oct-2026,28-Sep-2026,29.21,29-Sep-2026,32.4046,8,ACTIVE
MAHEPC,Mahindra EPC Irrigation Limited,EQUITY,274.76,Market cap,97.86,12752,09-Oct-2026,31-Aug-2026,28.91,01-Sep-2026,103.2386,27,ACTIVE
VERTOZ,Vertoz Limited,EQUITY,274.36,Market cap,32.19,34762,09-Oct-2026,06-Oct-2026,26.62,07-Oct-2026,36.627,3,ACTIVE
ASHIMASYN,Ashima Limited,EQUITY,273.31,Market cap,14.26,39164,09-Oct-2026,05-Oct-2026,29.58,06-Oct-2026,16.9828,4,ACTIVE
GROWWEV,GROWWAMC - GROWWEV [Nifty EV and New Age Automotive],ETF,270.27,AUM (AMFI avg Apr-Jun 2026),29.38,227142,09-Oct-2026,15-Sep-2026,25.22,16-Sep-2026,32.371,17,ACTIVE
VARDMNPOLY,Vardhman Polytex Limited,EQUITY,267.43,Market cap,5.26,376738,09-Oct-2026,06-Oct-2026,26.8,07-Oct-2026,5.9462,3,ACTIVE
NIFTYADD,DSPAMC - DSPNIFTY [Nifty 50],ETF,263.82,AUM (AMFI avg Apr-Jun 2026),238.33,2562,09-Oct-2026,09-Sep-2026,26.97,10-Sep-2026,250.2838,20,ACTIVE
GENUSPAPER,Genus Paper & Boards Limited,EQUITY,263.55,Market cap,10.25,21024,09-Oct-2026,28-Sep-2026,29.48,29-Sep-2026,11.622,8,ACTIVE
IITL,Industrial Investment Trust Limited,EQUITY,262.96,Market cap,125.67,111825,09-Oct-2026,29-Sep-2026,29.92,30-Sep-2026,144.426,7,ACTIVE
NATHBIOGEN,Nath Bio-Genes (India) Limited,EQUITY,262.22,Market cap,137.79,2136,09-Oct-2026,01-Oct-2026,28.92,05-Oct-2026,151.1944,5,ACTIVE
APCL,Anjani Portland Cement Limited,EQUITY,261.73,Market cap,89.1,10427,09-Oct-2026,09-Oct-2026,25.54,Next trading day,,0,PENDING_START
DJML,DJ Mediaprint & Logistics Limited,EQUITY,258.87,Market cap,72.05,32280,09-Oct-2026,25-Aug-2026,24.45,26-Aug-2026,86.3816,31,ACTIVE
SOMATEX,Soma Textiles & Industries Limited,EQUITY,256.67,Market cap,75.55,3551,09-Oct-2026,19-Aug-2026,28.89,20-Aug-2026,85.7342,35,ACTIVE
MID150CASE,ZERODHAAMC-MID150CASE [Nifty Midcap 150],ETF,250.35,AUM (AMFI avg Apr-Jun 2026),10.88,1262277,09-Oct-2026,15-Sep-2026,24.97,16-Sep-2026,11.537,17,ACTIVE
TIGERLOGS,Tiger Logistics (India) Limited,EQUITY,249.41,Market cap,23.59,305565,09-Oct-2026,03-Aug-2026,20.76,04-Aug-2026,27.2568,47,ACTIVE
MAKEINDIA,MIRAEAMC-MAMFGETF [Nifty India Manufacturing],ETF,248.93,AUM (AMFI avg Apr-Jun 2026),152.11,23161,09-Oct-2026,15-Sep-2026,21.65,16-Sep-2026,164.1206,17,ACTIVE
SPENCERS,Spencer's Retail Limited,EQUITY,247.08,Market cap,27.45,17007,09-Oct-2026,27-Aug-2026,29.77,28-Aug-2026,29.5278,29,ACTIVE
COASTCORP,Coastal Corporation Limited,EQUITY,243.33,Market cap,36.33,93354,09-Oct-2026,07-Aug-2026,29.29,10-Aug-2026,40.182,43,ACTIVE
FCSSOFT,FCS Software Solutions Limited,EQUITY,242.76,Market cap,1.42,1921900,09-Oct-2026,12-Aug-2026,27.21,13-Aug-2026,1.4376,40,ACTIVE
NDGL,Naga Dhunseri Group Limited,EQUITY,239.93,Market cap,2399.3,158,09-Oct-2026,28-Sep-2026,28.67,29-Sep-2026,2677.474,8,ACTIVE
SHRADHA,Shradha Realty Limited,EQUITY,239.19,Market cap,29.53,2251,09-Oct-2026,08-Sep-2026,29.42,09-Sep-2026,31.9058,21,ACTIVE
LEMERITE,Le Merite Exports Limited,EQUITY,239.07,Market cap,19.1,124288,09-Oct-2026,02-Sep-2026,29.87,03-Sep-2026,21.2798,25,ACTIVE
TRF,TRF Limited,EQUITY,238.73,Market cap,216.94,56466,09-Oct-2026,29-Sep-2026,27.52,30-Sep-2026,221.5798,7,ACTIVE
GROWWPOWER,GROWWAMC - GROWWPOWER [BSE Power],ETF,229.56,AUM (AMFI avg Apr-Jun 2026),10.52,2040506,09-Oct-2026,08-Oct-2026,29.64,09-Oct-2026,11.2394,1,ACTIVE
UFO,UFO Moviez India Limited,EQUITY,215.44,Market cap,55.49,39272,09-Oct-2026,15-Sep-2026,28.48,16-Sep-2026,63.4472,17,ACTIVE
PAVNAIND,Pavna Industries Limited,EQUITY,213.48,Market cap,15.3,26781,09-Oct-2026,11-Sep-2026,29.35,15-Sep-2026,16.8862,18,ACTIVE
SURANAT&P,Surana Telecom and Power Limited,EQUITY,210.97,Market cap,15.54,21260,09-Oct-2026,10-Aug-2026,28.1,11-Aug-2026,16.365,42,ACTIVE
MANAKALUCO,Manaksia Aluminium Company Limited,EQUITY,208.92,Market cap,31.88,30259,09-Oct-2026,07-Oct-2026,29.41,08-Oct-2026,36.9332,2,ACTIVE
BPL,BPL Limited,EQUITY,206.73,Market cap,42.21,22282,09-Oct-2026,11-Sep-2026,28.17,15-Sep-2026,48.6266,18,ACTIVE
UNITEDTEA,The United Nilgiri Tea Estates Company Limited,EQUITY,203.59,Market cap,407.45,357,09-Oct-2026,11-Sep-2026,28.16,15-Sep-2026,443.325,18,ACTIVE
CONSUMBEES,NIPINDETFCONSUMPTION [Nifty India Consumption],ETF,199.95,AUM (AMFI avg Apr-Jun 2026),121.95,103571,09-Oct-2026,10-Sep-2026,28.76,11-Sep-2026,130.2344,19,ACTIVE
ZEELEARN,Zee Learn Limited,EQUITY,199.14,Market cap,6.07,178544,09-Oct-2026,04-Sep-2026,29.73,07-Sep-2026,7.2394,23,ACTIVE
ROSSELLIND,Rossell India Limited,EQUITY,198.85,Market cap,52.75,7705,09-Oct-2026,01-Oct-2026,29.91,05-Oct-2026,55.2974,5,ACTIVE
AUTOIETF,ICICIPRAMC-ICICIAUTO [Nifty Auto],ETF,195.99,AUM (AMFI avg Apr-Jun 2026),25.85,512768,09-Oct-2026,10-Sep-2026,29.84,11-Sep-2026,28.8994,19,ACTIVE
TAKE,TAKE Limited,EQUITY,195.21,Market cap,13.35,79070,09-Oct-2026,24-Aug-2026,28.41,25-Aug-2026,17.712,32,ACTIVE
RMC,RMC Switchgears Limited,EQUITY,195.06,Market cap,184.33,32149,09-Oct-2026,15-Sep-2026,27.87,16-Sep-2026,243.3024,17,ACTIVE
MIDCAP,KOTAKMAMC-KOTAKMID50 [NIFTY Midcap 50],ETF,193.33,AUM (AMFI avg Apr-Jun 2026),17.18,379272,09-Oct-2026,15-Sep-2026,29.25,16-Sep-2026,18.292,17,ACTIVE
BALAJEE,Shree Tirupati Balajee Agro Trading Company Limited,EQUITY,192.51,Market cap,23.6,19966,09-Oct-2026,11-Sep-2026,28.2,15-Sep-2026,26.012,18,ACTIVE
LOWVOL1,KOTAKMAMC-KOTAKLOVOL [NIFTY 100 Low Volatility 30],ETF,192.49,AUM (AMFI avg Apr-Jun 2026),19.55,194869,09-Oct-2026,09-Sep-2026,29.33,10-Sep-2026,20.8202,20,ACTIVE
VSTL,Vibhor Steel Tubes Limited,EQUITY,191.98,Market cap,101.24,28781,09-Oct-2026,09-Oct-2026,26.26,Next trading day,,0,PENDING_START
MEDICO,Medico Remedies Limited,EQUITY,189.2,Market cap,22.8,306862,09-Oct-2026,09-Sep-2026,28.55,10-Sep-2026,37.6928,20,ACTIVE
HEALTHIETF,ICICIPRAMC-ICICIPHARM [Nifty Healthcare],ETF,187.9,AUM (AMFI avg Apr-Jun 2026),162.08,225514,09-Oct-2026,08-Oct-2026,28.89,09-Oct-2026,169.5076,1,ACTIVE
INFRABEES,NIPINDETFINFRABEES [Nifty Infrastructure],ETF,185.94,AUM (AMFI avg Apr-Jun 2026),889.52,5890,09-Oct-2026,15-Sep-2026,23.41,16-Sep-2026,943.5266,17,ACTIVE
NV20IETF,ICICIPruNV20ETF [Nifty 50 Value 20],ETF,182.21,AUM (AMFI avg Apr-Jun 2026),12.81,513281,09-Oct-2026,09-Sep-2026,29.46,10-Sep-2026,13.4112,20,ACTIVE
SRGHFL,SRG Housing Finance Limited,EQUITY,181.91,Market cap,115.81,56895,09-Oct-2026,17-Aug-2026,29.93,18-Aug-2026,212.903,37,ACTIVE
ASMS,Avio Smart Market Stack Limited,EQUITY,179.7,Market cap,5.9,82260,09-Oct-2026,23-Sep-2026,28.21,24-Sep-2026,6.7932,11,ACTIVE
ZODIACLOTH,Zodiac Clothing Company Limited,EQUITY,179.33,Market cap,65.31,9902,09-Oct-2026,11-Sep-2026,28.13,15-Sep-2026,72.219,18,ACTIVE
BCONCEPTS,Brand Concepts Limited,EQUITY,178.98,Market cap,143.39,5186,09-Oct-2026,14-Aug-2026,29.2,17-Aug-2026,160.1954,38,ACTIVE
VIKASECO,Vikas EcoTech Limited,EQUITY,178.64,Market cap,1.01,1546246,09-Oct-2026,24-Aug-2026,25.79,25-Aug-2026,1.0684,32,ACTIVE
GLOBALVECT,Global Vectra Helicorp Limited,EQUITY,176.74,Market cap,126.24,3640,09-Oct-2026,07-Sep-2026,28.19,08-Sep-2026,143.415,22,ACTIVE
NIFTYBETF,BFAM-NIFTYBETF [Nifty 50],ETF,172.75,AUM (AMFI avg Apr-Jun 2026),232.82,5911,09-Oct-2026,09-Sep-2026,28.68,10-Sep-2026,244.2854,20,ACTIVE
PILITA,PIL ITALICA LIFESTYLE LIMITED,EQUITY,172.72,Market cap,7.35,14878,09-Oct-2026,21-Sep-2026,27.46,22-Sep-2026,7.931,13,ACTIVE
BASML,Bannari Amman Spinning Mills Limited,EQUITY,168.07,Market cap,21.03,77243,09-Oct-2026,08-Oct-2026,26.51,09-Oct-2026,24.8076,1,ACTIVE
TNIDETF,TATAAML-TNIDETF [Nifty Private Bank],ETF,165.4,AUM (AMFI avg Apr-Jun 2026),84.88,36711,09-Oct-2026,25-Sep-2026,29.27,28-Sep-2026,88.6616,9,ACTIVE
EVINDIA,MIRAEAMC - EVINDIA [Nifty EV and New Age Automotive],ETF,163.17,AUM (AMFI avg Apr-Jun 2026),29.51,170141,09-Oct-2026,10-Sep-2026,29.26,11-Sep-2026,32.462,19,ACTIVE
MOVALUE,MOTILALAMC-MOVALUE [BSE Enhanced Value],ETF,163.04,AUM (AMFI avg Apr-Jun 2026),105.76,45845,09-Oct-2026,15-Sep-2026,27.84,16-Sep-2026,111.8754,17,ACTIVE
EQUAL50,MIRAEAMC - EQUAL50 [Nifty 50 Equal Weight],ETF,162.59,AUM (AMFI avg Apr-Jun 2026),308.66,18721,09-Oct-2026,09-Sep-2026,27.25,10-Sep-2026,327.7304,20,ACTIVE
NIF100IETF,ICICIPruNifty100ETF [Nifty 100],ETF,157.2,AUM (AMFI avg Apr-Jun 2026),26.39,64333,09-Oct-2026,10-Sep-2026,27.76,11-Sep-2026,27.7532,19,ACTIVE
BYKE,The Byke Hospitality Ltd,EQUITY,156.21,Market cap,29.88,64814,09-Oct-2026,29-Sep-2026,29.45,30-Sep-2026,31.4218,7,ACTIVE
TOP100CASE,ZERODHAAMC-TOP100CASE [Nifty 100],ETF,152.76,AUM (AMFI avg Apr-Jun 2026),9.92,580930,09-Oct-2026,09-Sep-2026,29.66,10-Sep-2026,10.4434,20,ACTIVE
NV20BEES,NIPINDETFETFNV20 [Nifty 50 Value 20],ETF,151.63,AUM (AMFI avg Apr-Jun 2026),132.49,25939,09-Oct-2026,09-Sep-2026,28.62,10-Sep-2026,137.6754,20,ACTIVE
MKPL,M K Proteins Limited,EQUITY,149.76,Market cap,3.97,84090,09-Oct-2026,02-Sep-2026,29.27,03-Sep-2026,4.0668,25,ACTIVE
INDOUS,Indo Us Biotech Limited,EQUITY,148.3,Market cap,73.96,10129,09-Oct-2026,08-Oct-2026,28.32,09-Oct-2026,79.7522,1,ACTIVE
HDFCNEXT50,HDFCAMC-HDFCNEXT50 [Nifty Next 50],ETF,147.03,AUM (AMFI avg Apr-Jun 2026),69.63,126252,09-Oct-2026,15-Sep-2026,27.34,16-Sep-2026,74.1288,17,ACTIVE
VIRINCHI,Virinchi Limited,EQUITY,144.38,Market cap,12.81,72868,09-Oct-2026,29-Sep-2026,29.62,30-Sep-2026,14.4958,7,ACTIVE
VASWANI,Vaswani Industries Limited,EQUITY,144.34,Market cap,43.74,7019,09-Oct-2026,20-Aug-2026,29.39,21-Aug-2026,47.5164,34,ACTIVE
ITADD,DSPAMC - DSPIT [Nifty IT],ETF,144.08,AUM (AMFI avg Apr-Jun 2026),30.37,62657,09-Oct-2026,29-Sep-2026,29.59,30-Sep-2026,31.701,7,ACTIVE
QUAL30IETF,ICICIPRAMC-ICICIQTY30 [Nifty 200 Quality 30],ETF,143.47,AUM (AMFI avg Apr-Jun 2026),19.65,46588,09-Oct-2026,15-Sep-2026,29.03,16-Sep-2026,20.848,17,ACTIVE
HDFCMID150,HDFCAMC-HDFCMID150 [Nifty Midcap 150],ETF,142.4,AUM (AMFI avg Apr-Jun 2026),21.93,327206,09-Oct-2026,15-Sep-2026,25.26,16-Sep-2026,23.2122,17,ACTIVE
ATALREAL,Atal Realtech Limited,EQUITY,140.5,Market cap,11.34,672382,09-Oct-2026,01-Sep-2026,25.81,02-Sep-2026,24.1934,26,ACTIVE
KEYFINSERV,Keynote Financial Services Limited,EQUITY,135.83,Market cap,244.0,137,09-Oct-2026,28-Sep-2026,28.88,29-Sep-2026,249.3002,8,ACTIVE
HPIL,Hindprakash Industries Limited,EQUITY,135.32,Market cap,118.45,247,09-Oct-2026,05-Oct-2026,27.09,06-Oct-2026,122.6652,4,ACTIVE
GROWWRAIL,GROWWAMC - GROWWRAIL [Nifty India Railways PSU],ETF,135.15,AUM (AMFI avg Apr-Jun 2026),25.55,289570,09-Oct-2026,02-Sep-2026,26.66,03-Sep-2026,27.8842,25,ACTIVE
KAMOPAINTS,Kamdhenu Ventures Limited,EQUITY,133.57,Market cap,4.06,155064,09-Oct-2026,17-Aug-2026,29.16,18-Aug-2026,4.3886,37,ACTIVE
DCM,DCM  Limited,EQUITY,132.93,Market cap,71.17,5583,09-Oct-2026,08-Sep-2026,29.75,09-Sep-2026,78.2676,21,ACTIVE
COMMOIETF,ICICIPRAMC-ICICICOMMO [Nifty Commodities],ETF,130.5,AUM (AMFI avg Apr-Jun 2026),91.14,58014,09-Oct-2026,01-Oct-2026,26.06,05-Oct-2026,98.368,5,ACTIVE
LAGNAM,Lagnam Spintex Limited,EQUITY,129.85,Market cap,73.49,470,09-Oct-2026,26-Aug-2026,29.91,27-Aug-2026,76.5812,30,ACTIVE
BRNL,Bharat Road Network Limited,EQUITY,129.7,Market cap,15.45,26396,09-Oct-2026,09-Sep-2026,27.68,10-Sep-2026,16.921,20,ACTIVE
KRITIKA,Kritika Wires Limited,EQUITY,129.15,Market cap,4.85,72264,09-Oct-2026,22-Sep-2026,27.8,23-Sep-2026,5.3598,12,ACTIVE
PSUBNKIETF,ICICIPRAMC-PSUBANKICI [Nifty PSU Bank],ETF,126.36,AUM (AMFI avg Apr-Jun 2026),82.14,113099,09-Oct-2026,15-Sep-2026,29.83,16-Sep-2026,85.252,17,ACTIVE
SENSEXAXIS,AXISAMC-SENSEXAXIS [BSE Sensex],ETF,125.87,AUM (AMFI avg Apr-Jun 2026),75.2,6386,09-Oct-2026,28-Sep-2026,27.53,29-Sep-2026,78.7542,8,ACTIVE
SAMPANN,Sampann Utpadan India Limited,EQUITY,120.72,Market cap,23.62,7720,09-Oct-2026,02-Sep-2026,29.88,03-Sep-2026,25.2868,25,ACTIVE
MAGNUM,Magnum Ventures Limited,EQUITY,120.47,Market cap,17.61,11019,09-Oct-2026,09-Oct-2026,29.28,Next trading day,,0,PENDING_START
ALPA,Alpa Laboratories Limited,EQUITY,119.91,Market cap,56.99,10206,09-Oct-2026,19-Aug-2026,26.6,20-Aug-2026,62.4404,35,ACTIVE
SUPREME,Supreme Holdings & Hospitality (India) Limited,EQUITY,114.97,Market cap,29.63,4084,09-Oct-2026,19-Aug-2026,29.0,20-Aug-2026,37.1874,35,ACTIVE
INDBANK,Indbank Merchant Banking Services Limited,EQUITY,113.52,Market cap,25.58,30202,09-Oct-2026,03-Sep-2026,23.11,04-Sep-2026,29.1272,24,ACTIVE
WEIZMANIND,Weizmann Limited,EQUITY,110.72,Market cap,71.46,373,09-Oct-2026,31-Aug-2026,27.57,01-Sep-2026,74.2488,27,ACTIVE
DEVIT,Dev Information Technology Limited,EQUITY,110.5,Market cap,19.39,112737,09-Oct-2026,16-Sep-2026,29.64,17-Sep-2026,24.2652,16,ACTIVE
SAMBHAAV,Sambhaav Media Limited,EQUITY,108.55,Market cap,5.68,100892,09-Oct-2026,06-Oct-2026,29.3,07-Oct-2026,6.0664,3,ACTIVE
INDIANCARD,Indian Card Clothing Company Limited,EQUITY,108.49,Market cap,182.61,3615,09-Oct-2026,29-Sep-2026,29.37,30-Sep-2026,208.85,7,ACTIVE
USK,Udayshivakumar Infra Limited,EQUITY,104.96,Market cap,18.96,17186,09-Oct-2026,24-Sep-2026,27.71,25-Sep-2026,20.7952,10,ACTIVE
ABSLNN50ET,BIRLASLAMC-ABSLNN50ET [Nifty Next 50],ETF,102.77,AUM (AMFI avg Apr-Jun 2026),72.02,19064,09-Oct-2026,15-Sep-2026,26.81,16-Sep-2026,76.5508,17,ACTIVE
MIDSELIETF,ICICIPruMidcapSelETF [BSE Midcap Select],ETF,102.65,AUM (AMFI avg Apr-Jun 2026),18.32,291419,09-Oct-2026,29-Sep-2026,28.93,30-Sep-2026,19.5516,7,ACTIVE
SOMICONVEY,Somi Conveyor Beltings Limited,EQUITY,100.22,Market cap,82.42,3558,09-Oct-2026,09-Oct-2026,29.98,Next trading day,,0,PENDING_START
SIL,Standard Industries Limited,EQUITY,99.97,Market cap,15.54,49013,09-Oct-2026,21-Sep-2026,27.85,22-Sep-2026,17.9656,13,ACTIVE
JETFREIGHT,Jet Freight Logistics Limited,EQUITY,99.96,Market cap,19.63,60638,09-Oct-2026,17-Sep-2026,28.44,18-Sep-2026,21.3928,15,ACTIVE
ESG,MIRAEAMC-MAESGETF [Nifty 100 ESG Sector Leaders],ETF,99.51,AUM (AMFI avg Apr-Jun 2026),38.43,38606,09-Oct-2026,10-Sep-2026,28.71,11-Sep-2026,40.778,19,ACTIVE
ITETF,MIRAEAMC-ITETF [Nifty IT],ETF,98.4,AUM (AMFI avg Apr-Jun 2026),30.35,693859,09-Oct-2026,29-Sep-2026,29.05,30-Sep-2026,31.6316,7,ACTIVE
NAVKARURB,Navkar Urbanstructure Limited,EQUITY,97.62,Market cap,0.87,186245,09-Oct-2026,31-Aug-2026,28.77,01-Sep-2026,0.9238,27,ACTIVE
MIDQ50ADD,DSPAMC-DSPQ50ETF [Nifty Midcap 150 Quality 50],ETF,96.73,AUM (AMFI avg Apr-Jun 2026),23.51,19363,09-Oct-2026,09-Sep-2026,28.61,10-Sep-2026,24.8196,20,ACTIVE
BHANDARI,Bhandari Hosiery Exports Limited,EQUITY,92.89,Market cap,2.79,118052,09-Oct-2026,01-Oct-2026,26.17,05-Oct-2026,2.9358,5,ACTIVE
RAJSREESUG,Rajshree Sugars & Chemicals Limited,EQUITY,91.12,Market cap,27.5,48361,09-Oct-2026,01-Oct-2026,26.85,05-Oct-2026,32.928,5,ACTIVE
IVZINNIFTY,InvescoMF-NiftyETF [Nifty 50],ETF,91.02,AUM (AMFI avg Apr-Jun 2026),259.2,2290,09-Oct-2026,09-Sep-2026,27.21,10-Sep-2026,272.3782,20,ACTIVE
RELCHEMQ,Reliance Chemotex Industries Limited,EQUITY,86.14,Market cap,114.19,986,09-Oct-2026,17-Aug-2026,28.47,18-Aug-2026,117.1282,37,ACTIVE
INVENTURE,Inventure Growth & Securities Limited,EQUITY,85.05,Market cap,0.81,498260,09-Oct-2026,07-Oct-2026,26.51,08-Oct-2026,0.8952,2,ACTIVE
BEARDSELL,Beardsell Limited,EQUITY,84.79,Market cap,21.5,13269,09-Oct-2026,13-Aug-2026,28.93,14-Aug-2026,24.9648,39,ACTIVE
NARMADA,Narmada Agrobase Limited,EQUITY,84.45,Market cap,11.13,191440,09-Oct-2026,10-Aug-2026,29.73,11-Aug-2026,13.9111,42,ACTIVE
HILTON,Hilton Metal Forging Limited,EQUITY,83.32,Market cap,16.19,63387,09-Oct-2026,04-Sep-2026,29.65,07-Sep-2026,18.6712,23,ACTIVE
MULTICAP,MIRAEAMC - MULTICAP [Nifty 500 Multicap 50:25:25],ETF,83.21,AUM (AMFI avg Apr-Jun 2026),15.77,98057,09-Oct-2026,15-Sep-2026,25.4,16-Sep-2026,16.5756,17,ACTIVE
GOYALALUM,Goyal Aluminiums Limited,EQUITY,81.64,Market cap,5.72,38667,09-Oct-2026,15-Sep-2026,27.31,16-Sep-2026,6.1848,17,ACTIVE
NV20,KOTAKMAMC-KTKNV20ETF [Nifty 50 Value 20],ETF,80.69,AUM (AMFI avg Apr-Jun 2026),11150.25,0,09-Oct-2026,11-Sep-2026,29.92,15-Sep-2026,11807.0761,18,ACTIVE
DUCON,Ducon Infratechnologies Limited,EQUITY,79.91,Market cap,1.39,1258029,09-Oct-2026,17-Aug-2026,26.2,18-Aug-2026,2.0669,37,ACTIVE
SBIETFQLTY,SBIAMC-SBIETFQLTY [Nifty 200 Quality 30],ETF,77.96,AUM (AMFI avg Apr-Jun 2026),206.77,3700,09-Oct-2026,10-Sep-2026,28.81,11-Sep-2026,219.4314,19,ACTIVE
HISARMETAL,Hisar Metal Industries Limited,EQUITY,77.18,Market cap,142.93,1846,09-Oct-2026,09-Oct-2026,29.38,Next trading day,,0,PENDING_START
MOKSH,Moksh Ornaments Limited,EQUITY,74.45,Market cap,8.89,209311,09-Oct-2026,03-Aug-2026,27.03,04-Aug-2026,10.1394,47,ACTIVE
PRAXIS,Praxis Home Retail Limited,EQUITY,73.95,Market cap,3.98,425847,09-Oct-2026,18-Aug-2026,28.69,19-Aug-2026,5.1318,36,ACTIVE
FIBERWEB,Fiberweb (India) Limited,EQUITY,73.79,Market cap,25.63,12250,09-Oct-2026,17-Aug-2026,28.47,18-Aug-2026,27.0596,37,ACTIVE
MOENERGY,MOTILALAMC - MOENERGY [Nifty Energy],ETF,72.86,AUM (AMFI avg Apr-Jun 2026),36.05,68800,09-Oct-2026,31-Aug-2026,29.11,01-Sep-2026,38.0264,27,ACTIVE
AVROIND,AVRO INDIA LIMITED,EQUITY,72.86,Market cap,5.43,565172,09-Oct-2026,23-Sep-2026,29.78,24-Sep-2026,8.1434,11,ACTIVE
SEMAC,Semac Construction Limited,EQUITY,71.75,Market cap,230.16,1206,09-Oct-2026,29-Sep-2026,29.15,30-Sep-2026,281.6656,7,ACTIVE
NOIDATOLL,Noida Toll Bridge Company Limited,EQUITY,71.69,Market cap,3.85,76695,09-Oct-2026,28-Sep-2026,26.71,29-Sep-2026,4.0484,8,ACTIVE
SBIETFIT,SBIAMC-SBIETFIT [Nifty IT],ETF,71.1,AUM (AMFI avg Apr-Jun 2026),316.22,8660,09-Oct-2026,29-Sep-2026,28.76,30-Sep-2026,331.1168,7,ACTIVE
DIVOPPBEES,NIPINDETFDIVOPP [Nifty Dividend Opportunities 50],ETF,70.23,AUM (AMFI avg Apr-Jun 2026),71.78,42871,09-Oct-2026,09-Sep-2026,28.09,10-Sep-2026,76.2358,20,ACTIVE
ENERGYDEV,Energy Development Company Limited,EQUITY,67.78,Market cap,14.27,11991,09-Oct-2026,08-Sep-2026,29.45,09-Sep-2026,15.5554,21,ACTIVE
MOLOWVOL,MOTILALAMC-MOLOWVOL [Nifty Midcap 100],ETF,66.75,AUM (AMFI avg Apr-Jun 2026),33.72,5972,09-Oct-2026,11-Sep-2026,29.88,15-Sep-2026,36.0096,18,ACTIVE
TOUCHWOOD,Touchwood Entertainment Limited,EQUITY,66.13,Market cap,59.68,245,09-Oct-2026,02-Sep-2026,29.93,03-Sep-2026,62.0248,25,ACTIVE
HDFCNIFIT,HDFCAMC-HDFCNIFIT [Nifty IT],ETF,65.95,AUM (AMFI avg Apr-Jun 2026),30.52,491649,09-Oct-2026,29-Sep-2026,29.6,30-Sep-2026,31.855,7,ACTIVE
QNIFTY,QuantumNiftyETF [Nifty 50],ETF,65.56,AUM (AMFI avg Apr-Jun 2026),248.61,2930,09-Oct-2026,09-Sep-2026,27.03,10-Sep-2026,261.3934,20,ACTIVE
MOM50,MotilalOswalM50ETF [Nifty 50],ETF,61.99,AUM (AMFI avg Apr-Jun 2026),235.34,7026,09-Oct-2026,30-Sep-2026,27.06,01-Oct-2026,248.5104,6,ACTIVE
PRAKASHSTL,Prakash Steelage Limited,EQUITY,61.25,Market cap,3.5,101237,09-Oct-2026,03-Sep-2026,23.2,04-Sep-2026,3.788,24,ACTIVE
BANKPSU,MIRAEAMC - BANKPSU [Nifty PSU Bank],ETF,57.05,AUM (AMFI avg Apr-Jun 2026),81.78,20947,09-Oct-2026,28-Sep-2026,29.71,29-Sep-2026,84.8866,8,ACTIVE
AGRITECH,Agri-Tech (India) Limited,EQUITY,56.85,Market cap,95.7,16437,09-Oct-2026,30-Sep-2026,26.98,01-Oct-2026,100.676,6,ACTIVE
CONSUMIETF,ICICIPRAMC-ICICICONSU [Nifty India Consumption],ETF,55.36,AUM (AMFI avg Apr-Jun 2026),113.44,4569,09-Oct-2026,09-Sep-2026,26.64,10-Sep-2026,121.0298,20,ACTIVE
SHARIABEES,NIPINDETFSHARIAHBEES [Nifty 50 Shariah],ETF,55.03,AUM (AMFI avg Apr-Jun 2026),422.16,9293,09-Oct-2026,08-Sep-2026,30.0,09-Sep-2026,449.8202,21,ACTIVE
AJOONI,Ajooni Biotech Limited,EQUITY,52.19,Market cap,3.03,101506,09-Oct-2026,16-Sep-2026,28.23,17-Sep-2026,3.5408,16,ACTIVE
CONSUMER,MIRAEAMC - CONSUMER [Nifty India New Age Consumption],ETF,50.91,AUM (AMFI avg Apr-Jun 2026),11.09,150572,09-Oct-2026,15-Sep-2026,25.39,16-Sep-2026,11.908,17,ACTIVE
VAL30IETF,ICICIPRAMC - VAL30IETF [Nifty 200 Value 30],ETF,50.56,AUM (AMFI avg Apr-Jun 2026),14.32,102405,09-Oct-2026,15-Sep-2026,27.86,16-Sep-2026,15.0298,17,ACTIVE
SECURKLOUD,SECUREKLOUD TECHNOLOGIES LIMITED,EQUITY,50.52,Market cap,15.12,39336,09-Oct-2026,07-Oct-2026,26.91,08-Oct-2026,17.3702,2,ACTIVE
GANGAFORGE,Ganga Forging Limited,EQUITY,49.88,Market cap,1.48,1199220,09-Oct-2026,28-Sep-2026,28.82,29-Sep-2026,1.7942,8,ACTIVE
SUNDARAM,Sundaram Multi Pap Limited,EQUITY,48.81,Market cap,1.03,616218,09-Oct-2026,29-Sep-2026,29.25,30-Sep-2026,1.1846,7,ACTIVE
AGROPHOS,Agro Phos India Limited,EQUITY,46.45,Market cap,22.91,12471,09-Oct-2026,17-Aug-2026,27.11,18-Aug-2026,25.3982,37,ACTIVE
LOWVOL,MIRAEAMC-MANV30F [Nifty 100 Low Volatility 30],ETF,46.29,AUM (AMFI avg Apr-Jun 2026),192.01,290,09-Oct-2026,08-Sep-2026,26.52,09-Sep-2026,203.6932,21,ACTIVE
HDFCNIF100,HDFCAMC-HDFCNIF100 [Nifty 100],ETF,45.18,AUM (AMFI avg Apr-Jun 2026),24.37,15460,09-Oct-2026,10-Sep-2026,28.72,11-Sep-2026,25.7084,19,ACTIVE
MNC,KOTAKMAMC-KOTAKMNC [Nifty MNC],ETF,45.15,AUM (AMFI avg Apr-Jun 2026),30.68,34434,09-Oct-2026,11-Sep-2026,29.65,15-Sep-2026,33.2052,18,ACTIVE
NEXT30ADD,DSPAMC - NEXT30ADD [BSE SENSEX Next 30],ETF,45.07,AUM (AMFI avg Apr-Jun 2026),39.58,1341,09-Oct-2026,16-Sep-2026,27.86,17-Sep-2026,42.5446,16,ACTIVE
SUVIDHAA,Suvidhaa Infoserve Limited,EQUITY,44.9,Market cap,2.11,68041,09-Oct-2026,31-Aug-2026,25.81,01-Sep-2026,2.3062,27,ACTIVE
GAYAHWS,Gayatri Highways Limited,EQUITY,43.62,Market cap,1.82,131689,09-Oct-2026,30-Sep-2026,29.92,01-Oct-2026,1.9038,6,ACTIVE
SVPGLOB,SVP GLOBAL TEXTILES LIMITED,EQUITY,43.52,Market cap,3.44,337131,09-Oct-2026,28-Sep-2026,28.54,29-Sep-2026,3.5596,8,ACTIVE
SENSEXETF,MIRAEAMC-SENSEXETF [BSE Sensex],ETF,43.23,AUM (AMFI avg Apr-Jun 2026),75.01,42572,09-Oct-2026,09-Sep-2026,27.14,10-Sep-2026,78.3358,20,ACTIVE
AONETOTAL,AONEAMC - AONETOTAL [Nifty Total Market],ETF,41.89,AUM (AMFI avg Apr-Jun 2026),11.2,111558,09-Oct-2026,15-Sep-2026,25.16,16-Sep-2026,11.7738,17,ACTIVE
PRITI,Priti International Limited,EQUITY,41.77,Market cap,31.28,3335,09-Oct-2026,17-Aug-2026,28.94,18-Aug-2026,34.0236,37,ACTIVE
AKASH,Akash Infra-Projects Limited,EQUITY,41.13,Market cap,24.39,560,09-Oct-2026,14-Aug-2026,28.54,17-Aug-2026,25.1882,38,ACTIVE
ARCHIES,Archies Limited,EQUITY,40.6,Market cap,12.02,5395,09-Oct-2026,11-Sep-2026,28.33,15-Sep-2026,13.1014,18,ACTIVE
RKDL,Ravi Kumar Distilleries Limited,EQUITY,40.03,Market cap,16.68,17606,09-Oct-2026,08-Oct-2026,27.48,09-Oct-2026,18.3712,1,ACTIVE
VINNY,Vinny Overseas Limited,EQUITY,40.01,Market cap,0.86,214573,09-Oct-2026,08-Sep-2026,29.17,09-Sep-2026,0.9978,21,ACTIVE
MOMIDMTM,MOTILALAMC - MOMIDMTM [Nifty Midcap 150 Momentum 50],ETF,39.72,AUM (AMFI avg Apr-Jun 2026),61.37,29656,09-Oct-2026,05-Oct-2026,28.75,06-Oct-2026,63.9732,4,ACTIVE
GROWWMETAL,GROWWAMC - GROWWMETAL [Nifty Metal],ETF,39.45,AUM (AMFI avg Apr-Jun 2026),11.48,559906,09-Oct-2026,08-Oct-2026,28.62,09-Oct-2026,12.3778,1,ACTIVE
SBINEQWETF,SBIAMC - SBINEQWETF [Nifty 50 Equal Weight],ETF,37.79,AUM (AMFI avg Apr-Jun 2026),31.09,13167,09-Oct-2026,11-Sep-2026,29.46,15-Sep-2026,32.9734,18,ACTIVE
HDFCVALUE,HDFCAMC-HDFCVALUE [Nifty 50 Value 20],ETF,36.13,AUM (AMFI avg Apr-Jun 2026),118.23,2790,09-Oct-2026,09-Sep-2026,29.72,10-Sep-2026,123.7732,20,ACTIVE
CONS,KOTAKMAMC-KOTAKCONS [Nifty India Consumption],ETF,34.28,AUM (AMFI avg Apr-Jun 2026),11.26,5610,09-Oct-2026,07-Sep-2026,28.69,08-Sep-2026,12.0416,22,ACTIVE
AROGRANITE,Aro Granite Industries Limited,EQUITY,34.18,Market cap,22.34,8706,09-Oct-2026,16-Sep-2026,28.52,17-Sep-2026,24.2336,16,ACTIVE
EMULTIMQ,EDELAMC - EMULTIMQ [Nifty 500 Multicap Momentum Quality 50],ETF,33.22,AUM (AMFI avg Apr-Jun 2026),39.91,18022,09-Oct-2026,16-Sep-2026,25.64,17-Sep-2026,41.4724,16,ACTIVE
SNXT50BETA,UTIAMC-SNXT50BETA [BSE SENSEX Next 50],ETF,32.18,AUM (AMFI avg Apr-Jun 2026),88.49,1853,09-Oct-2026,30-Sep-2026,28.97,01-Oct-2026,94.0096,6,ACTIVE
GROWWNIFTY,GROWWAMC - GROWWNIFTY [Nifty 50],ETF,31.23,AUM (AMFI avg Apr-Jun 2026),9.14,586928,09-Oct-2026,09-Sep-2026,25.76,10-Sep-2026,9.5974,20,ACTIVE
MITTAL,Mittal Life Style Limited,EQUITY,31.07,Market cap,0.7,1378807,09-Oct-2026,25-Sep-2026,29.97,28-Sep-2026,0.8206,9,ACTIVE
MADHUCON,Madhucon Projects Limited,EQUITY,30.33,Market cap,4.11,45192,09-Oct-2026,11-Sep-2026,29.98,15-Sep-2026,4.6846,18,ACTIVE
DNAMEDIA,Diligent Media Corporation Limited,EQUITY,28.6,Market cap,2.43,9600,09-Oct-2026,17-Sep-2026,29.91,18-Sep-2026,2.5758,15,ACTIVE
HDFCBSE500,HDFCAMC-HDFCBSE500 [BSE 500],ETF,27.3,AUM (AMFI avg Apr-Jun 2026),35.56,828909,09-Oct-2026,15-Sep-2026,28.57,16-Sep-2026,37.1886,17,ACTIVE
INTERNET,MIRAEAMC - INTERNET [Nifty India Internet],ETF,27.26,AUM (AMFI avg Apr-Jun 2026),13.69,424022,09-Oct-2026,01-Oct-2026,27.9,05-Oct-2026,14.289,5,ACTIVE
NIFTYQLITY,BIRLASLAMC-NIFTYQLITY [Nifty 200 Quality 30],ETF,26.06,AUM (AMFI avg Apr-Jun 2026),19.9,83576,09-Oct-2026,09-Sep-2026,27.88,10-Sep-2026,21.0518,20,ACTIVE
KANANIIND,Kanani Industries Limited,EQUITY,25.72,Market cap,1.3,97242,09-Oct-2026,28-Sep-2026,27.52,29-Sep-2026,1.4574,8,ACTIVE
GSS,GSS Infotech Limited,EQUITY,25.65,Market cap,9.94,66023,09-Oct-2026,09-Sep-2026,29.8,10-Sep-2026,11.6618,20,ACTIVE
MOTOUR,MOTILALAMC - MOTOUR [Nifty India Tourism],ETF,23.32,AUM (AMFI avg Apr-Jun 2026),74.43,4740,09-Oct-2026,15-Sep-2026,28.65,16-Sep-2026,78.043,17,ACTIVE
SBIETFCON,SBIAMC-SBIETFCON [Nifty India Consumption],ETF,23.05,AUM (AMFI avg Apr-Jun 2026),112.54,3473,09-Oct-2026,11-Sep-2026,29.84,15-Sep-2026,120.503,18,ACTIVE
KRIDHANINF,Kridhan Infra Limited,EQUITY,22.32,Market cap,2.0,86436,09-Oct-2026,03-Aug-2026,29.67,04-Aug-2026,2.0424,47,ACTIVE
ABSLPSE,BIRLASLAMC-ABSLPSE [Nifty PSE],ETF,22.23,AUM (AMFI avg Apr-Jun 2026),9.48,93543,09-Oct-2026,01-Oct-2026,29.61,05-Oct-2026,10.0632,5,ACTIVE
IDFNIFTYET,BANDHANAMC-IDFNIFTYET [Nifty 50],ETF,22.03,AUM (AMFI avg Apr-Jun 2026),249.08,549,09-Oct-2026,16-Sep-2026,29.95,17-Sep-2026,262.7614,16,ACTIVE
AONENIFTY,AONEAMC - AONENIFTY [Nifty 50],ETF,21.89,AUM (AMFI avg Apr-Jun 2026),9.3,124487,09-Oct-2026,09-Sep-2026,27.25,10-Sep-2026,9.7972,20,ACTIVE
HDFCGROWTH,HDFCAMC-HDFCGROWTH [Nifty Growth Sectors 15],ETF,21.71,AUM (AMFI avg Apr-Jun 2026),108.82,28041,09-Oct-2026,10-Sep-2026,29.95,11-Sep-2026,117.632,19,ACTIVE
HDFCQUAL,HDFCAMC-HDFCQUAL [Nifty 100 Quality 30],ETF,20.91,AUM (AMFI avg Apr-Jun 2026),55.43,7205,09-Oct-2026,15-Sep-2026,24.88,16-Sep-2026,57.9678,17,ACTIVE
LEXUS,Lexus Granito (India) Limited,EQUITY,19.97,Market cap,9.89,76248,09-Oct-2026,01-Oct-2026,24.81,05-Oct-2026,13.161,5,ACTIVE
SELECTIPO,MIRAEAMC - SELECTIPO [BSE Select IPO],ETF,19.15,AUM (AMFI avg Apr-Jun 2026),45.57,38512,09-Oct-2026,01-Oct-2026,27.67,05-Oct-2026,47.956,5,ACTIVE
EQUAL200,MIRAEAMC - EQUAL200 [BSE 200 Equal Weight],ETF,19.13,AUM (AMFI avg Apr-Jun 2026),12.9,9377,09-Oct-2026,15-Sep-2026,21.33,16-Sep-2026,13.6874,17,ACTIVE
GROWWPSE,GROWWAMC - GROWWPSE [Nifty PSE],ETF,17.85,AUM (AMFI avg Apr-Jun 2026),91.96,3282,09-Oct-2026,01-Oct-2026,29.74,05-Oct-2026,97.3734,5,ACTIVE
ACEINTEG,Ace Integrated Solutions Limited,EQUITY,17.54,Market cap,17.2,3102,09-Oct-2026,13-Aug-2026,28.83,14-Aug-2026,17.7352,39,ACTIVE
GROWWN200,GROWWAMC - GROWWN200 [Nifty 200],ETF,16.55,AUM (AMFI avg Apr-Jun 2026),10.62,47138,09-Oct-2026,15-Sep-2026,23.21,16-Sep-2026,11.2062,17,ACTIVE
NEXT50ETF,KOTAKMAMC - NEXT50ETF [Nifty Next 50],ETF,15.8,AUM (AMFI avg Apr-Jun 2026),68.37,26722,09-Oct-2026,16-Sep-2026,29.14,17-Sep-2026,73.3336,16,ACTIVE
ECAPINSURE,EDELAMC - ECAPINSURE [BSE Capital Markets & Insurance],ETF,15.18,AUM (AMFI avg Apr-Jun 2026),23.07,28774,09-Oct-2026,15-Sep-2026,29.7,16-Sep-2026,23.6064,17,ACTIVE
GROWWRLTY,GROWWAMC - GROWWRLTY [Nifty Realty],ETF,14.78,AUM (AMFI avg Apr-Jun 2026),9.01,190091,09-Oct-2026,15-Sep-2026,27.64,16-Sep-2026,9.8122,17,ACTIVE
MONIFTY100,MOTILALAMC - MONIFTY100 [Nifty 100],ETF,13.76,AUM (AMFI avg Apr-Jun 2026),23.7,4029,09-Oct-2026,10-Sep-2026,29.24,11-Sep-2026,25.0564,19,ACTIVE
MIDCAPBETA,UTIAMC-MIDCAPBETA [Nifty Midcap 150],ETF,13.48,AUM (AMFI avg Apr-Jun 2026),216.83,907,09-Oct-2026,16-Sep-2026,28.28,17-Sep-2026,232.3028,16,ACTIVE
CONSUMAXIS,AXISAMC-CONSUMAXIS [Nifty India Consumption],ETF,13.31,AUM (AMFI avg Apr-Jun 2026),112.45,509,09-Oct-2026,15-Sep-2026,27.47,16-Sep-2026,120.256,17,ACTIVE
HDFCLOWVOL,HDFCAMC-HDFCLOWVOL [Nifty 100 Low Volatility 30],ETF,12.28,AUM (AMFI avg Apr-Jun 2026),19.1,2734,09-Oct-2026,07-Sep-2026,28.9,08-Sep-2026,20.3536,22,ACTIVE
SHYAMTEL,Shyam Telecom Limited,EQUITY,12.18,Market cap,10.64,3493,09-Oct-2026,02-Sep-2026,28.23,03-Sep-2026,12.8346,25,ACTIVE
TOP15IETF,ICICIPRAMC - TOP15IETF [Nifty Top 15 Equal Weight],ETF,12.16,AUM (AMFI avg Apr-Jun 2026),9.19,29357,09-Oct-2026,09-Sep-2026,27.65,10-Sep-2026,9.7016,20,ACTIVE
VALUE,MIRAEAMC - VALUE [Nifty 500 Value 50],ETF,12.12,AUM (AMFI avg Apr-Jun 2026),14.98,36225,09-Oct-2026,29-Sep-2026,29.51,30-Sep-2026,15.9334,7,ACTIVE
TOP20,MIRAEAMC - TOP20 [Nifty Top 20 Equal Weight],ETF,11.94,AUM (AMFI avg Apr-Jun 2026),8.38,190204,09-Oct-2026,09-Sep-2026,26.76,10-Sep-2026,8.7878,20,ACTIVE
UMESLTD,Usha Martin Education & Solutions Limited,EQUITY,11.76,Market cap,4.4,20050,09-Oct-2026,16-Sep-2026,26.84,17-Sep-2026,5.0994,16,ACTIVE
SBINMID150,SBIAMC - SBINMID150 [Nifty Midcap 150],ETF,10.48,AUM (AMFI avg Apr-Jun 2026),21.69,3753,09-Oct-2026,15-Sep-2026,25.52,16-Sep-2026,22.9946,17,ACTIVE
GROWWCHEM,GROWWAMC - GROWWCHEM [Nifty Chemicals],ETF,9.99,AUM (AMFI avg Apr-Jun 2026),28.06,10767,09-Oct-2026,05-Oct-2026,29.69,06-Oct-2026,29.8014,4,ACTIVE
DIVIDEND,MIRAEAMC - DIVIDEND [BSE 500 Dividend Leaders 50],ETF,9.97,AUM (AMFI avg Apr-Jun 2026),33.36,1485,09-Oct-2026,28-Sep-2026,29.9,29-Sep-2026,35.2292,8,ACTIVE
INFRA,MIRAEAMC - INFRA [Nifty India Infrastructure & Logistics],ETF,9.5,AUM (AMFI avg Apr-Jun 2026),11.22,17306,09-Oct-2026,15-Sep-2026,23.92,16-Sep-2026,11.9268,17,ACTIVE
GROWWNXT50,GROWWAMC - GROWWNXT50 [Nifty Next 50],ETF,8.38,AUM (AMFI avg Apr-Jun 2026),68.85,7060,09-Oct-2026,08-Oct-2026,29.73,09-Oct-2026,73.1588,1,ACTIVE
EBANKNIFTY,EDELAMC - EBANKNIFTY [Nifty Bank],ETF,6.59,AUM (AMFI avg Apr-Jun 2026),55.98,4896,09-Oct-2026,28-Sep-2026,29.35,29-Sep-2026,57.3216,8,ACTIVE
MONEXT50,MOTILALAMC - MONEXT50 [Nifty Next 50],ETF,5.78,AUM (AMFI avg Apr-Jun 2026),68.29,1525,09-Oct-2026,15-Sep-2026,25.87,16-Sep-2026,72.6196,17,ACTIVE
GROWWLOVOL,GROWWAMC - GROWWLOVOL [Nifty 500 Low Volatility 50],ETF,4.11,AUM (AMFI avg Apr-Jun 2026),9.69,8794,09-Oct-2026,16-Sep-2026,28.93,17-Sep-2026,10.2794,16,ACTIVE
BBNPNBETF,BARODABNP - BBNPNBETF [NIFTY Bank],ETF,3.99,AUM (AMFI avg Apr-Jun 2026),55.61,10,09-Oct-2026,29-Sep-2026,29.56,30-Sep-2026,57.175,7,ACTIVE
SENSEXADD,DSPAMC-DSPSENXETF [BSE Sensex],ETF,3.6,AUM (AMFI avg Apr-Jun 2026),75.01,1830,09-Oct-2026,09-Sep-2026,28.97,10-Sep-2026,78.3934,20,ACTIVE
MSCIADD,DSPAMC - MSCIADD [MSCI India],ETF,3.26,AUM (AMFI avg Apr-Jun 2026),27.63,30,09-Oct-2026,15-Sep-2026,25.77,16-Sep-2026,29.2954,17,ACTIVE
MOINFRA,MOTILALAMC - MOINFRA [BSE India Infrastructure],ETF,2.99,AUM (AMFI avg Apr-Jun 2026),55.1,4261,09-Oct-2026,01-Sep-2026,29.56,02-Sep-2026,58.5932,26,ACTIVE
MOMNC,MOTILALAMC - MOMNC [Nifty MNC ETF],ETF,2.36,AUM (AMFI avg Apr-Jun 2026),29.82,1464,09-Oct-2026,15-Sep-2026,25.77,16-Sep-2026,32.2304,17,ACTIVE
MOMGF,MOTILALAMC - MOMGF [Nifty India Manufacturing],ETF,1.58,AUM (AMFI avg Apr-Jun 2026),149.84,1554,09-Oct-2026,05-Oct-2026,29.86,06-Oct-2026,161.4596,4,ACTIVE
BHARATCOAL,Bharat Coking Coal Limited,EQUITY,,-,31.12,3230619,09-Oct-2026,19-Aug-2026,28.8,20-Aug-2026,33.2532,35,ACTIVE
CMPDI,Central Mine Planning & Design Institute Limited,EQUITY,,-,206.18,603172,09-Oct-2026,15-Sep-2026,29.13,16-Sep-2026,225.936,17,ACTIVE
ZODIAC,Zodiac Energy Limited,EQUITY,,-,205.97,6441,09-Oct-2026,15-Sep-2026,26.27,16-Sep-2026,236.8742,17,ACTIVE
